Fitness,Location
0.0,"(0, 0, 0, 0, 0, 0, 0, 0, 0, 0)"
0.0861502855109193,"(0, 0, 0, 0, 0, 0, 0, 0, 0, 1)"
0.04140276836024929,"(0, 0, 0, 0, 0, 0, 0, 0, 1, 0)"
0.20384714656014408,"(0, 0, 0, 0, 0, 0, 0, 0, 1, 1)"
0.2365532746016346,"(0, 0, 0, 0, 0, 0, 0, 1, 0, 0)"
0.07979703233017355,"(0, 0, 0, 0, 0, 0, 0, 1, 0, 1)"
0.20771674847260707,"(0, 0, 0, 0, 0, 0, 0, 1, 1, 0)"
0.2777233720150878,"(0, 0, 0, 0, 0, 0, 0, 1, 1, 1)"
0.032785330418944277,"(0, 0, 0, 0, 0, 0, 1, 0, 0, 0)"
0.12750476012895823,"(0, 0, 0, 0, 0, 0, 1, 0, 0, 1)"
0.2379423675217099,"(0, 0, 0, 0, 0, 0, 1, 0, 1, 0)"
0.5311531502049436,"(0, 0, 0, 0, 0, 0, 1, 0, 1, 1)"
0.15062297842980218,"(0, 0, 0, 0, 0, 0, 1, 1, 0, 0)"
0.18822209852620356,"(0, 0, 0, 0, 0, 0, 1, 1, 0, 1)"
0.46065654599313377,"(0, 0, 0, 0, 0, 0, 1, 1, 1, 0)"
0.22433186711189806,"(0, 0, 0, 0, 0, 0, 1, 1, 1, 1)"
0.005586212178286987,"(0, 0, 0, 0, 0, 1, 0, 0, 0, 0)"
0.11710998913269391,"(0, 0, 0, 0, 0, 1, 0, 0, 0, 1)"
0.2895899948720155,"(0, 0, 0, 0, 0, 1, 0, 0, 1, 0)"
0.3256702018946236,"(0, 0, 0, 0, 0, 1, 0, 0, 1, 1)"
0.16552807539402567,"(0, 0, 0, 0, 0, 1, 0, 1, 0, 0)"
0.6263057917034103,"(0, 0, 0, 0, 0, 1, 0, 1, 0, 1)"
0.36698838080259,"(0, 0, 0, 0, 0, 1, 0, 1, 1, 0)"
0.18930959077703424,"(0, 0, 0, 0, 0, 1, 0, 1, 1, 1)"
0.16075028689687754,"(0, 0, 0, 0, 0, 1, 1, 0, 0, 0)"
0.1582904530502889,"(0, 0, 0, 0, 0, 1, 1, 0, 0, 1)"
0.350508159929786,"(0, 0, 0, 0, 0, 1, 1, 0, 1, 0)"
0.3541203965274716,"(0, 0, 0, 0, 0, 1, 1, 0, 1, 1)"
0.0792973265605251,"(0, 0, 0, 0, 0, 1, 1, 1, 0, 0)"
0.23120689395196087,"(0, 0, 0, 0, 0, 1, 1, 1, 0, 1)"
0.3962513095365171,"(0, 0, 0, 0, 0, 1, 1, 1, 1, 0)"
0.33949359554513153,"(0, 0, 0, 0, 0, 1, 1, 1, 1, 1)"
0.01892589994164457,"(0, 0, 0, 0, 1, 0, 0, 0, 0, 0)"
0.015034007776697824,"(0, 0, 0, 0, 1, 0, 0, 0, 0, 1)"
0.21519188114706245,"(0, 0, 0, 0, 1, 0, 0, 0, 1, 0)"
0.25955943501534434,"(0, 0, 0, 0, 1, 0, 0, 0, 1, 1)"
0.07197577659912958,"(0, 0, 0, 0, 1, 0, 0, 1, 0, 0)"
0.5414947474415154,"(0, 0, 0, 0, 1, 0, 0, 1, 0, 1)"
0.2994360178937604,"(0, 0, 0, 0, 1, 0, 0, 1, 1, 0)"
0.20673814474902144,"(0, 0, 0, 0, 1, 0, 0, 1, 1, 1)"
0.3604282442371365,"(0, 0, 0, 0, 1, 0, 1, 0, 0, 0)"
0.14428668178573562,"(0, 0, 0, 0, 1, 0, 1, 0, 0, 1)"
0.7257169341739282,"(0, 0, 0, 0, 1, 0, 1, 0, 1, 0)"
0.39705911647461867,"(0, 0, 0, 0, 1, 0, 1, 0, 1, 1)"
0.09655261920671133,"(0, 0, 0, 0, 1, 0, 1, 1, 0, 0)"
0.1754777225094872,"(0, 0, 0, 0, 1, 0, 1, 1, 0, 1)"
0.5541111326338998,"(0, 0, 0, 0, 1, 0, 1, 1, 1, 0)"
0.3668004636663168,"(0, 0, 0, 0, 1, 0, 1, 1, 1, 1)"
0.14754442194009815,"(0, 0, 0, 0, 1, 1, 0, 0, 0, 0)"
0.04136624845841409,"(0, 0, 0, 0, 1, 1, 0, 0, 0, 1)"
0.16243180436682464,"(0, 0, 0, 0, 1, 1, 0, 0, 1, 0)"
0.4526551160765292,"(0, 0, 0, 0, 1, 1, 0, 0, 1, 1)"
0.4172843649519456,"(0, 0, 0, 0, 1, 1, 0, 1, 0, 0)"
0.3997857247306963,"(0, 0, 0, 0, 1, 1, 0, 1, 0, 1)"
0.7277997417881237,"(0, 0, 0, 0, 1, 1, 0, 1, 1, 0)"
0.5635488263855878,"(0, 0, 0, 0, 1, 1, 0, 1, 1, 1)"
0.20506340541234055,"(0, 0, 0, 0, 1, 1, 1, 0, 0, 0)"
0.6481016406064051,"(0, 0, 0, 0, 1, 1, 1, 0, 0, 1)"
0.5050507762252836,"(0, 0, 0, 0, 1, 1, 1, 0, 1, 0)"
0.51693544842246,"(0, 0, 0, 0, 1, 1, 1, 0, 1, 1)"
0.41642183448753867,"(0, 0, 0, 0, 1, 1, 1, 1, 0, 0)"
0.5127331276234744,"(0, 0, 0, 0, 1, 1, 1, 1, 0, 1)"
0.36675851962466816,"(0, 0, 0, 0, 1, 1, 1, 1, 1, 0)"
0.5855033531597493,"(0, 0, 0, 0, 1, 1, 1, 1, 1, 1)"
0.0354365102896518,"(0, 0, 0, 1, 0, 0, 0, 0, 0, 0)"
0.1325225638657544,"(0, 0, 0, 1, 0, 0, 0, 0, 0, 1)"
0.6177104194581275,"(0, 0, 0, 1, 0, 0, 0, 0, 1, 0)"
0.3276646325223626,"(0, 0, 0, 1, 0, 0, 0, 0, 1, 1)"
0.27378629107076324,"(0, 0, 0, 1, 0, 0, 0, 1, 0, 0)"
0.3998712662799557,"(0, 0, 0, 1, 0, 0, 0, 1, 0, 1)"
0.4504908685989654,"(0, 0, 0, 1, 0, 0, 0, 1, 1, 0)"
0.39912380467107716,"(0, 0, 0, 1, 0, 0, 0, 1, 1, 1)"
0.06088419371262088,"(0, 0, 0, 1, 0, 0, 1, 0, 0, 0)"
0.379540041809682,"(0, 0, 0, 1, 0, 0, 1, 0, 0, 1)"
0.4502479227095997,"(0, 0, 0, 1, 0, 0, 1, 0, 1, 0)"
0.46428357893737243,"(0, 0, 0, 1, 0, 0, 1, 0, 1, 1)"
0.6115189968696748,"(0, 0, 0, 1, 0, 0, 1, 1, 0, 0)"
0.36282720477041874,"(0, 0, 0, 1, 0, 0, 1, 1, 0, 1)"
0.37667556783495526,"(0, 0, 0, 1, 0, 0, 1, 1, 1, 0)"
0.6912349298536463,"(0, 0, 0, 1, 0, 0, 1, 1, 1, 1)"
0.2811491861575719,"(0, 0, 0, 1, 0, 1, 0, 0, 0, 0)"
0.1872513297792826,"(0, 0, 0, 1, 0, 1, 0, 0, 0, 1)"
0.36417511349814013,"(0, 0, 0, 1, 0, 1, 0, 0, 1, 0)"
0.5394995760009125,"(0, 0, 0, 1, 0, 1, 0, 0, 1, 1)"
0.33846611560931217,"(0, 0, 0, 1, 0, 1, 0, 1, 0, 0)"
0.424904130263823,"(0, 0, 0, 1, 0, 1, 0, 1, 0, 1)"
0.5343916126222432,"(0, 0, 0, 1, 0, 1, 0, 1, 1, 0)"
0.6104490285858851,"(0, 0, 0, 1, 0, 1, 0, 1, 1, 1)"
0.38019101724919796,"(0, 0, 0, 1, 0, 1, 1, 0, 0, 0)"
0.36672565018299286,"(0, 0, 0, 1, 0, 1, 1, 0, 0, 1)"
0.20669570547544439,"(0, 0, 0, 1, 0, 1, 1, 0, 1, 0)"
0.6002255482564458,"(0, 0, 0, 1, 0, 1, 1, 0, 1, 1)"
0.3792484350410808,"(0, 0, 0, 1, 0, 1, 1, 1, 0, 0)"
0.4019168555881341,"(0, 0, 0, 1, 0, 1, 1, 1, 0, 1)"
0.7649598161048851,"(0, 0, 0, 1, 0, 1, 1, 1, 1, 0)"
0.7129788824953807,"(0, 0, 0, 1, 0, 1, 1, 1, 1, 1)"
0.10273037496747231,"(0, 0, 0, 1, 1, 0, 0, 0, 0, 0)"
0.1598026103426573,"(0, 0, 0, 1, 1, 0, 0, 0, 0, 1)"
0.16255499140345694,"(0, 0, 0, 1, 1, 0, 0, 0, 1, 0)"
0.32143208868771994,"(0, 0, 0, 1, 1, 0, 0, 0, 1, 1)"
0.3881151002026869,"(0, 0, 0, 1, 1, 0, 0, 1, 0, 0)"
0.578064856534025,"(0, 0, 0, 1, 1, 0, 0, 1, 0, 1)"
0.37097398743322707,"(0, 0, 0, 1, 1, 0, 0, 1, 1, 0)"
0.8088983645473147,"(0, 0, 0, 1, 1, 0, 0, 1, 1, 1)"
0.3690264220730294,"(0, 0, 0, 1, 1, 0, 1, 0, 0, 0)"
0.6194083004777412,"(0, 0, 0, 1, 1, 0, 1, 0, 0, 1)"
0.26798030477768153,"(0, 0, 0, 1, 1, 0, 1, 0, 1, 0)"
0.44458612778500767,"(0, 0, 0, 1, 1, 0, 1, 0, 1, 1)"
0.671435016377932,"(0, 0, 0, 1, 1, 0, 1, 1, 0, 0)"
0.7746998226037517,"(0, 0, 0, 1, 1, 0, 1, 1, 0, 1)"
0.7622881522902615,"(0, 0, 0, 1, 1, 0, 1, 1, 1, 0)"
0.6239404122426097,"(0, 0, 0, 1, 1, 0, 1, 1, 1, 1)"
0.16300517749330956,"(0, 0, 0, 1, 1, 1, 0, 0, 0, 0)"
0.38283900925186903,"(0, 0, 0, 1, 1, 1, 0, 0, 0, 1)"
0.4662389795175128,"(0, 0, 0, 1, 1, 1, 0, 0, 1, 0)"
0.4527834182210172,"(0, 0, 0, 1, 1, 1, 0, 0, 1, 1)"
0.12618204485043252,"(0, 0, 0, 1, 1, 1, 0, 1, 0, 0)"
0.42616520988195605,"(0, 0, 0, 1, 1, 1, 0, 1, 0, 1)"
0.7982911656395469,"(0, 0, 0, 1, 1, 1, 0, 1, 1, 0)"
0.4805540097743015,"(0, 0, 0, 1, 1, 1, 0, 1, 1, 1)"
0.3761484205085512,"(0, 0, 0, 1, 1, 1, 1, 0, 0, 0)"
0.4441569762626819,"(0, 0, 0, 1, 1, 1, 1, 0, 0, 1)"
0.47869601931138617,"(0, 0, 0, 1, 1, 1, 1, 0, 1, 0)"
0.6404034385404894,"(0, 0, 0, 1, 1, 1, 1, 0, 1, 1)"
0.5419094293829704,"(0, 0, 0, 1, 1, 1, 1, 1, 0, 0)"
0.7879139937217238,"(0, 0, 0, 1, 1, 1, 1, 1, 0, 1)"
0.4584780100841417,"(0, 0, 0, 1, 1, 1, 1, 1, 1, 0)"
0.7229859475903561,"(0, 0, 0, 1, 1, 1, 1, 1, 1, 1)"
0.07410338893830974,"(0, 0, 1, 0, 0, 0, 0, 0, 0, 0)"
0.030078354742858693,"(0, 0, 1, 0, 0, 0, 0, 0, 0, 1)"
0.019097204928198483,"(0, 0, 1, 0, 0, 0, 0, 0, 1, 0)"
0.2325789781170763,"(0, 0, 1, 0, 0, 0, 0, 0, 1, 1)"
0.4031573598091026,"(0, 0, 1, 0, 0, 0, 0, 1, 0, 0)"
0.581750474397783,"(0, 0, 1, 0, 0, 0, 0, 1, 0, 1)"
0.21977902101228786,"(0, 0, 1, 0, 0, 0, 0, 1, 1, 0)"
0.29664489300060914,"(0, 0, 1, 0, 0, 0, 0, 1, 1, 1)"
0.2143831307371877,"(0, 0, 1, 0, 0, 0, 1, 0, 0, 0)"
0.17851500760484906,"(0, 0, 1, 0, 0, 0, 1, 0, 0, 1)"
0.3131768813634649,"(0, 0, 1, 0, 0, 0, 1, 0, 1, 0)"
0.4361218397679295,"(0, 0, 1, 0, 0, 0, 1, 0, 1, 1)"
0.12835114637417575,"(0, 0, 1, 0, 0, 0, 1, 1, 0, 0)"
0.30541997139826005,"(0, 0, 1, 0, 0, 0, 1, 1, 0, 1)"
0.148308994440661,"(0, 0, 1, 0, 0, 0, 1, 1, 1, 0)"
0.7808945127358189,"(0, 0, 1, 0, 0, 0, 1, 1, 1, 1)"
0.11079402253647143,"(0, 0, 1, 0, 0, 1, 0, 0, 0, 0)"
0.2671673728861151,"(0, 0, 1, 0, 0, 1, 0, 0, 0, 1)"
0.5527830335872349,"(0, 0, 1, 0, 0, 1, 0, 0, 1, 0)"
0.18741262911714507,"(0, 0, 1, 0, 0, 1, 0, 0, 1, 1)"
0.3790425242580799,"(0, 0, 1, 0, 0, 1, 0, 1, 0, 0)"
0.21873996205226368,"(0, 0, 1, 0, 0, 1, 0, 1, 0, 1)"
0.5007743690035976,"(0, 0, 1, 0, 0, 1, 0, 1, 1, 0)"
0.33861470059668286,"(0, 0, 1, 0, 0, 1, 0, 1, 1, 1)"
0.3790396089820967,"(0, 0, 1, 0, 0, 1, 1, 0, 0, 0)"
0.5888005803727764,"(0, 0, 1, 0, 0, 1, 1, 0, 0, 1)"
0.7060454537374997,"(0, 0, 1, 0, 0, 1, 1, 0, 1, 0)"
0.38615833287797807,"(0, 0, 1, 0, 0, 1, 1, 0, 1, 1)"
0.4216455591467607,"(0, 0, 1, 0, 0, 1, 1, 1, 0, 0)"
0.5156761944987669,"(0, 0, 1, 0, 0, 1, 1, 1, 0, 1)"
0.4448735877701902,"(0, 0, 1, 0, 0, 1, 1, 1, 1, 0)"
0.7954405251740247,"(0, 0, 1, 0, 0, 1, 1, 1, 1, 1)"
0.25680647983324734,"(0, 0, 1, 0, 1, 0, 0, 0, 0, 0)"
0.2646687090436645,"(0, 0, 1, 0, 1, 0, 0, 0, 0, 1)"
0.5143806433335358,"(0, 0, 1, 0, 1, 0, 0, 0, 1, 0)"
0.09093923143651167,"(0, 0, 1, 0, 1, 0, 0, 0, 1, 1)"
0.23858759821494907,"(0, 0, 1, 0, 1, 0, 0, 1, 0, 0)"
0.5301725464699276,"(0, 0, 1, 0, 1, 0, 0, 1, 0, 1)"
0.45713210792201364,"(0, 0, 1, 0, 1, 0, 0, 1, 1, 0)"
0.8063202346433093,"(0, 0, 1, 0, 1, 0, 0, 1, 1, 1)"
0.4358205110687382,"(0, 0, 1, 0, 1, 0, 1, 0, 0, 0)"
0.5290677242159789,"(0, 0, 1, 0, 1, 0, 1, 0, 0, 1)"
0.4498975536198857,"(0, 0, 1, 0, 1, 0, 1, 0, 1, 0)"
0.586739256938601,"(0, 0, 1, 0, 1, 0, 1, 0, 1, 1)"
0.5872759223905248,"(0, 0, 1, 0, 1, 0, 1, 1, 0, 0)"
0.7573537414190978,"(0, 0, 1, 0, 1, 0, 1, 1, 0, 1)"
0.6316301057339128,"(0, 0, 1, 0, 1, 0, 1, 1, 1, 0)"
0.21395036170771736,"(0, 0, 1, 0, 1, 0, 1, 1, 1, 1)"
0.4703172320622771,"(0, 0, 1, 0, 1, 1, 0, 0, 0, 0)"
0.07387381235788501,"(0, 0, 1, 0, 1, 1, 0, 0, 0, 1)"
0.19118619601332432,"(0, 0, 1, 0, 1, 1, 0, 0, 1, 0)"
0.49758136774459394,"(0, 0, 1, 0, 1, 1, 0, 0, 1, 1)"
0.32863483396240034,"(0, 0, 1, 0, 1, 1, 0, 1, 0, 0)"
0.4115528210754407,"(0, 0, 1, 0, 1, 1, 0, 1, 0, 1)"
0.29018667007456467,"(0, 0, 1, 0, 1, 1, 0, 1, 1, 0)"
0.6172920486407432,"(0, 0, 1, 0, 1, 1, 0, 1, 1, 1)"
0.2726628306695991,"(0, 0, 1, 0, 1, 1, 1, 0, 0, 0)"
0.3144983680208874,"(0, 0, 1, 0, 1, 1, 1, 0, 0, 1)"
0.6900496108192089,"(0, 0, 1, 0, 1, 1, 1, 0, 1, 0)"
0.5875760100804676,"(0, 0, 1, 0, 1, 1, 1, 0, 1, 1)"
0.5795693499700576,"(0, 0, 1, 0, 1, 1, 1, 1, 0, 0)"
0.6074075938751502,"(0, 0, 1, 0, 1, 1, 1, 1, 0, 1)"
0.3147783182896451,"(0, 0, 1, 0, 1, 1, 1, 1, 1, 0)"
0.7340481776653375,"(0, 0, 1, 0, 1, 1, 1, 1, 1, 1)"
0.19987559566021498,"(0, 0, 1, 1, 0, 0, 0, 0, 0, 0)"
0.10895019861232806,"(0, 0, 1, 1, 0, 0, 0, 0, 0, 1)"
0.573161690132374,"(0, 0, 1, 1, 0, 0, 0, 0, 1, 0)"
0.2285924279573174,"(0, 0, 1, 1, 0, 0, 0, 0, 1, 1)"
0.36527718342689075,"(0, 0, 1, 1, 0, 0, 0, 1, 0, 0)"
0.6029367098344304,"(0, 0, 1, 1, 0, 0, 0, 1, 0, 1)"
0.36842427269493,"(0, 0, 1, 1, 0, 0, 0, 1, 1, 0)"
0.5254198816184343,"(0, 0, 1, 1, 0, 0, 0, 1, 1, 1)"
0.21572060155473502,"(0, 0, 1, 1, 0, 0, 1, 0, 0, 0)"
0.2491651796306895,"(0, 0, 1, 1, 0, 0, 1, 0, 0, 1)"
0.43820175357440616,"(0, 0, 1, 1, 0, 0, 1, 0, 1, 0)"
0.27445849802264843,"(0, 0, 1, 1, 0, 0, 1, 0, 1, 1)"
0.4913857728525311,"(0, 0, 1, 1, 0, 0, 1, 1, 0, 0)"
0.5498057570487257,"(0, 0, 1, 1, 0, 0, 1, 1, 0, 1)"
0.5942095235063138,"(0, 0, 1, 1, 0, 0, 1, 1, 1, 0)"
0.33610333301887263,"(0, 0, 1, 1, 0, 0, 1, 1, 1, 1)"
0.5938406279686376,"(0, 0, 1, 1, 0, 1, 0, 0, 0, 0)"
0.29266150865563106,"(0, 0, 1, 1, 0, 1, 0, 0, 0, 1)"
0.33348422879067824,"(0, 0, 1, 1, 0, 1, 0, 0, 1, 0)"
0.5676875748921686,"(0, 0, 1, 1, 0, 1, 0, 0, 1, 1)"
0.36292774960642,"(0, 0, 1, 1, 0, 1, 0, 1, 0, 0)"
0.3869123500919508,"(0, 0, 1, 1, 0, 1, 0, 1, 0, 1)"
0.6404196316938565,"(0, 0, 1, 1, 0, 1, 0, 1, 1, 0)"
0.641277649939531,"(0, 0, 1, 1, 0, 1, 0, 1, 1, 1)"
0.4079947858168883,"(0, 0, 1, 1, 0, 1, 1, 0, 0, 0)"
0.7682083726944755,"(0, 0, 1, 1, 0, 1, 1, 0, 0, 1)"
0.44801654752595743,"(0, 0, 1, 1, 0, 1, 1, 0, 1, 0)"
0.7874224670548325,"(0, 0, 1, 1, 0, 1, 1, 0, 1, 1)"
0.6252466694191452,"(0, 0, 1, 1, 0, 1, 1, 1, 0, 0)"
0.6909578320657982,"(0, 0, 1, 1, 0, 1, 1, 1, 0, 1)"
0.8589956534713825,"(0, 0, 1, 1, 0, 1, 1, 1, 1, 0)"
0.8666851383763673,"(0, 0, 1, 1, 0, 1, 1, 1, 1, 1)"
0.2738546462515854,"(0, 0, 1, 1, 1, 0, 0, 0, 0, 0)"
0.39522780714181727,"(0, 0, 1, 1, 1, 0, 0, 0, 0, 1)"
0.4331673392554468,"(0, 0, 1, 1, 1, 0, 0, 0, 1, 0)"
0.4998776120598576,"(0, 0, 1, 1, 1, 0, 0, 0, 1, 1)"
0.30866762577867846,"(0, 0, 1, 1, 1, 0, 0, 1, 0, 0)"
0.2834641194083759,"(0, 0, 1, 1, 1, 0, 0, 1, 0, 1)"
0.5774882424023605,"(0, 0, 1, 1, 1, 0, 0, 1, 1, 0)"
0.6155829556262977,"(0, 0, 1, 1, 1, 0, 0, 1, 1, 1)"
0.46331515101031273,"(0, 0, 1, 1, 1, 0, 1, 0, 0, 0)"
0.3942538071170779,"(0, 0, 1, 1, 1, 0, 1, 0, 0, 1)"
0.6298254109794565,"(0, 0, 1, 1, 1, 0, 1, 0, 1, 0)"
0.792622767227068,"(0, 0, 1, 1, 1, 0, 1, 0, 1, 1)"
0.4008137413710485,"(0, 0, 1, 1, 1, 0, 1, 1, 0, 0)"
0.45879750991429824,"(0, 0, 1, 1, 1, 0, 1, 1, 0, 1)"
0.23900529809162976,"(0, 0, 1, 1, 1, 0, 1, 1, 1, 0)"
0.7100000813490182,"(0, 0, 1, 1, 1, 0, 1, 1, 1, 1)"
0.5301241551299836,"(0, 0, 1, 1, 1, 1, 0, 0, 0, 0)"
0.45936043926669723,"(0, 0, 1, 1, 1, 1, 0, 0, 0, 1)"
0.5384584501783748,"(0, 0, 1, 1, 1, 1, 0, 0, 1, 0)"
0.7526180720583192,"(0, 0, 1, 1, 1, 1, 0, 0, 1, 1)"
0.5084081955203094,"(0, 0, 1, 1, 1, 1, 0, 1, 0, 0)"
0.598619566220487,"(0, 0, 1, 1, 1, 1, 0, 1, 0, 1)"
0.7124955239853642,"(0, 0, 1, 1, 1, 1, 0, 1, 1, 0)"
0.552383440958279,"(0, 0, 1, 1, 1, 1, 0, 1, 1, 1)"
0.3931610621404591,"(0, 0, 1, 1, 1, 1, 1, 0, 0, 0)"
0.4027220032211827,"(0, 0, 1, 1, 1, 1, 1, 0, 0, 1)"
0.6365440272523403,"(0, 0, 1, 1, 1, 1, 1, 0, 1, 0)"
0.7827555109703449,"(0, 0, 1, 1, 1, 1, 1, 0, 1, 1)"
0.41525655841116094,"(0, 0, 1, 1, 1, 1, 1, 1, 0, 0)"
0.5508138603789899,"(0, 0, 1, 1, 1, 1, 1, 1, 0, 1)"
0.7281362144746713,"(0, 0, 1, 1, 1, 1, 1, 1, 1, 0)"
0.5232269161754617,"(0, 0, 1, 1, 1, 1, 1, 1, 1, 1)"
0.13381967161361435,"(0, 1, 0, 0, 0, 0, 0, 0, 0, 0)"
0.5687844934562515,"(0, 1, 0, 0, 0, 0, 0, 0, 0, 1)"
0.22139681565220728,"(0, 1, 0, 0, 0, 0, 0, 0, 1, 0)"
0.34149469665327115,"(0, 1, 0, 0, 0, 0, 0, 0, 1, 1)"
0.18433751957177086,"(0, 1, 0, 0, 0, 0, 0, 1, 0, 0)"
0.3491438781983662,"(0, 1, 0, 0, 0, 0, 0, 1, 0, 1)"
0.21246262859496123,"(0, 1, 0, 0, 0, 0, 0, 1, 1, 0)"
0.2231113960542203,"(0, 1, 0, 0, 0, 0, 0, 1, 1, 1)"
0.07301788273271761,"(0, 1, 0, 0, 0, 0, 1, 0, 0, 0)"
0.15958802499796043,"(0, 1, 0, 0, 0, 0, 1, 0, 0, 1)"
0.1591251523821238,"(0, 1, 0, 0, 0, 0, 1, 0, 1, 0)"
0.4751445179991874,"(0, 1, 0, 0, 0, 0, 1, 0, 1, 1)"
0.05118934829518895,"(0, 1, 0, 0, 0, 0, 1, 1, 0, 0)"
0.4363952254928494,"(0, 1, 0, 0, 0, 0, 1, 1, 0, 1)"
0.15033075497984058,"(0, 1, 0, 0, 0, 0, 1, 1, 1, 0)"
0.5199256649653565,"(0, 1, 0, 0, 0, 0, 1, 1, 1, 1)"
0.2992967437622993,"(0, 1, 0, 0, 0, 1, 0, 0, 0, 0)"
0.11731109981712212,"(0, 1, 0, 0, 0, 1, 0, 0, 0, 1)"
0.39355021551337277,"(0, 1, 0, 0, 0, 1, 0, 0, 1, 0)"
0.1158323474803973,"(0, 1, 0, 0, 0, 1, 0, 0, 1, 1)"
0.1486279254135045,"(0, 1, 0, 0, 0, 1, 0, 1, 0, 0)"
0.45093493343089275,"(0, 1, 0, 0, 0, 1, 0, 1, 0, 1)"
0.2602414125227901,"(0, 1, 0, 0, 0, 1, 0, 1, 1, 0)"
0.4109906481346813,"(0, 1, 0, 0, 0, 1, 0, 1, 1, 1)"
0.5848135128179474,"(0, 1, 0, 0, 0, 1, 1, 0, 0, 0)"
0.6183505070078292,"(0, 1, 0, 0, 0, 1, 1, 0, 0, 1)"
0.18246937613257028,"(0, 1, 0, 0, 0, 1, 1, 0, 1, 0)"
0.6479993914169904,"(0, 1, 0, 0, 0, 1, 1, 0, 1, 1)"
0.4434805725945192,"(0, 1, 0, 0, 0, 1, 1, 1, 0, 0)"
0.19419139162467927,"(0, 1, 0, 0, 0, 1, 1, 1, 0, 1)"
0.5703943176868522,"(0, 1, 0, 0, 0, 1, 1, 1, 1, 0)"
0.6022745093393247,"(0, 1, 0, 0, 0, 1, 1, 1, 1, 1)"
0.08779000545120116,"(0, 1, 0, 0, 1, 0, 0, 0, 0, 0)"
0.2772193274417505,"(0, 1, 0, 0, 1, 0, 0, 0, 0, 1)"
0.329888314774329,"(0, 1, 0, 0, 1, 0, 0, 0, 1, 0)"
0.2458249678320457,"(0, 1, 0, 0, 1, 0, 0, 0, 1, 1)"
0.1679373570230963,"(0, 1, 0, 0, 1, 0, 0, 1, 0, 0)"
0.5256921339044779,"(0, 1, 0, 0, 1, 0, 0, 1, 0, 1)"
0.3210678861670695,"(0, 1, 0, 0, 1, 0, 0, 1, 1, 0)"
0.5366747461693195,"(0, 1, 0, 0, 1, 0, 0, 1, 1, 1)"
0.1663097044540436,"(0, 1, 0, 0, 1, 0, 1, 0, 0, 0)"
0.28382200106625344,"(0, 1, 0, 0, 1, 0, 1, 0, 0, 1)"
0.43936307294141713,"(0, 1, 0, 0, 1, 0, 1, 0, 1, 0)"
0.5091696988614883,"(0, 1, 0, 0, 1, 0, 1, 0, 1, 1)"
0.3963414876615748,"(0, 1, 0, 0, 1, 0, 1, 1, 0, 0)"
0.21548594213303432,"(0, 1, 0, 0, 1, 0, 1, 1, 0, 1)"
0.5693062064744355,"(0, 1, 0, 0, 1, 0, 1, 1, 1, 0)"
0.5552170488844229,"(0, 1, 0, 0, 1, 0, 1, 1, 1, 1)"
0.12766566162686618,"(0, 1, 0, 0, 1, 1, 0, 0, 0, 0)"
0.44112037100501933,"(0, 1, 0, 0, 1, 1, 0, 0, 0, 1)"
0.7414994170096821,"(0, 1, 0, 0, 1, 1, 0, 0, 1, 0)"
0.31596095938039664,"(0, 1, 0, 0, 1, 1, 0, 0, 1, 1)"
0.5496928829561387,"(0, 1, 0, 0, 1, 1, 0, 1, 0, 0)"
0.5715050767699389,"(0, 1, 0, 0, 1, 1, 0, 1, 0, 1)"
0.5828549983365717,"(0, 1, 0, 0, 1, 1, 0, 1, 1, 0)"
0.34723297771194345,"(0, 1, 0, 0, 1, 1, 0, 1, 1, 1)"
0.35966497004622566,"(0, 1, 0, 0, 1, 1, 1, 0, 0, 0)"
0.45790214694469655,"(0, 1, 0, 0, 1, 1, 1, 0, 0, 1)"
0.6490370362613909,"(0, 1, 0, 0, 1, 1, 1, 0, 1, 0)"
0.5428522760862915,"(0, 1, 0, 0, 1, 1, 1, 0, 1, 1)"
0.6398540550186983,"(0, 1, 0, 0, 1, 1, 1, 1, 0, 0)"
0.5174212180615839,"(0, 1, 0, 0, 1, 1, 1, 1, 0, 1)"
0.6235685344895321,"(0, 1, 0, 0, 1, 1, 1, 1, 1, 0)"
0.651055022856272,"(0, 1, 0, 0, 1, 1, 1, 1, 1, 1)"
0.2308781802801188,"(0, 1, 0, 1, 0, 0, 0, 0, 0, 0)"
0.3394106799312851,"(0, 1, 0, 1, 0, 0, 0, 0, 0, 1)"
0.2868367682855961,"(0, 1, 0, 1, 0, 0, 0, 0, 1, 0)"
0.5003679605519636,"(0, 1, 0, 1, 0, 0, 0, 0, 1, 1)"
0.19469104630065096,"(0, 1, 0, 1, 0, 0, 0, 1, 0, 0)"
0.3302698683761758,"(0, 1, 0, 1, 0, 0, 0, 1, 0, 1)"
0.36233429442813325,"(0, 1, 0, 1, 0, 0, 0, 1, 1, 0)"
0.4367947689057676,"(0, 1, 0, 1, 0, 0, 0, 1, 1, 1)"
0.2868221703503403,"(0, 1, 0, 1, 0, 0, 1, 0, 0, 0)"
0.1511077236865518,"(0, 1, 0, 1, 0, 0, 1, 0, 0, 1)"
0.32049343551555687,"(0, 1, 0, 1, 0, 0, 1, 0, 1, 0)"
0.4584474235050896,"(0, 1, 0, 1, 0, 0, 1, 0, 1, 1)"
0.30694739252414,"(0, 1, 0, 1, 0, 0, 1, 1, 0, 0)"
0.5680012434943249,"(0, 1, 0, 1, 0, 0, 1, 1, 0, 1)"
0.6245098686802659,"(0, 1, 0, 1, 0, 0, 1, 1, 1, 0)"
0.7288470606633324,"(0, 1, 0, 1, 0, 0, 1, 1, 1, 1)"
0.03878624496870252,"(0, 1, 0, 1, 0, 1, 0, 0, 0, 0)"
0.3070949888481557,"(0, 1, 0, 1, 0, 1, 0, 0, 0, 1)"
0.2038984942406535,"(0, 1, 0, 1, 0, 1, 0, 0, 1, 0)"
0.5774133760325549,"(0, 1, 0, 1, 0, 1, 0, 0, 1, 1)"
0.5850664964974701,"(0, 1, 0, 1, 0, 1, 0, 1, 0, 0)"
0.6668887876825269,"(0, 1, 0, 1, 0, 1, 0, 1, 0, 1)"
0.3804923191814996,"(0, 1, 0, 1, 0, 1, 0, 1, 1, 0)"
0.7025422432308388,"(0, 1, 0, 1, 0, 1, 0, 1, 1, 1)"
0.24451707400080355,"(0, 1, 0, 1, 0, 1, 1, 0, 0, 0)"
0.4431127752070928,"(0, 1, 0, 1, 0, 1, 1, 0, 0, 1)"
0.5909305328063214,"(0, 1, 0, 1, 0, 1, 1, 0, 1, 0)"
0.7386028368205896,"(0, 1, 0, 1, 0, 1, 1, 0, 1, 1)"
0.6030930404815765,"(0, 1, 0, 1, 0, 1, 1, 1, 0, 0)"
0.85554863955907,"(0, 1, 0, 1, 0, 1, 1, 1, 0, 1)"
0.7748114423010392,"(0, 1, 0, 1, 0, 1, 1, 1, 1, 0)"
0.6225515446580152,"(0, 1, 0, 1, 0, 1, 1, 1, 1, 1)"
0.277849391530158,"(0, 1, 0, 1, 1, 0, 0, 0, 0, 0)"
0.4611420599372204,"(0, 1, 0, 1, 1, 0, 0, 0, 0, 1)"
0.15974846315878247,"(0, 1, 0, 1, 1, 0, 0, 0, 1, 0)"
0.6335771782599042,"(0, 1, 0, 1, 1, 0, 0, 0, 1, 1)"
0.5482006995618464,"(0, 1, 0, 1, 1, 0, 0, 1, 0, 0)"
0.4348473266969051,"(0, 1, 0, 1, 1, 0, 0, 1, 0, 1)"
0.6512950116660691,"(0, 1, 0, 1, 1, 0, 0, 1, 1, 0)"
0.5063337665851735,"(0, 1, 0, 1, 1, 0, 0, 1, 1, 1)"
0.6215087631729703,"(0, 1, 0, 1, 1, 0, 1, 0, 0, 0)"
0.564862652762274,"(0, 1, 0, 1, 1, 0, 1, 0, 0, 1)"
0.45274292455034393,"(0, 1, 0, 1, 1, 0, 1, 0, 1, 0)"
0.6809228418605091,"(0, 1, 0, 1, 1, 0, 1, 0, 1, 1)"
0.2727987771436022,"(0, 1, 0, 1, 1, 0, 1, 1, 0, 0)"
0.4489624273755479,"(0, 1, 0, 1, 1, 0, 1, 1, 0, 1)"
0.7026534534632224,"(0, 1, 0, 1, 1, 0, 1, 1, 1, 0)"
0.43025354594650644,"(0, 1, 0, 1, 1, 0, 1, 1, 1, 1)"
0.5097248507144678,"(0, 1, 0, 1, 1, 1, 0, 0, 0, 0)"
0.4631273155770557,"(0, 1, 0, 1, 1, 1, 0, 0, 0, 1)"
0.34210582682608903,"(0, 1, 0, 1, 1, 1, 0, 0, 1, 0)"
0.781818014022182,"(0, 1, 0, 1, 1, 1, 0, 0, 1, 1)"
0.6220303437467994,"(0, 1, 0, 1, 1, 1, 0, 1, 0, 0)"
0.5506036148278722,"(0, 1, 0, 1, 1, 1, 0, 1, 0, 1)"
0.5940079608828609,"(0, 1, 0, 1, 1, 1, 0, 1, 1, 0)"
0.49886407949368616,"(0, 1, 0, 1, 1, 1, 0, 1, 1, 1)"
0.6147506444103594,"(0, 1, 0, 1, 1, 1, 1, 0, 0, 0)"
0.5406208069795421,"(0, 1, 0, 1, 1, 1, 1, 0, 0, 1)"
0.4962794791777478,"(0, 1, 0, 1, 1, 1, 1, 0, 1, 0)"
0.6247655992539252,"(0, 1, 0, 1, 1, 1, 1, 0, 1, 1)"
0.5644629842208919,"(0, 1, 0, 1, 1, 1, 1, 1, 0, 0)"
0.6505040927801552,"(0, 1, 0, 1, 1, 1, 1, 1, 0, 1)"
0.5989131481735592,"(0, 1, 0, 1, 1, 1, 1, 1, 1, 0)"
0.656001375730659,"(0, 1, 0, 1, 1, 1, 1, 1, 1, 1)"
0.07777838618104063,"(0, 1, 1, 0, 0, 0, 0, 0, 0, 0)"
0.303821379250814,"(0, 1, 1, 0, 0, 0, 0, 0, 0, 1)"
0.4020534593062924,"(0, 1, 1, 0, 0, 0, 0, 0, 1, 0)"
0.17202952706395108,"(0, 1, 1, 0, 0, 0, 0, 0, 1, 1)"
0.12391655720658634,"(0, 1, 1, 0, 0, 0, 0, 1, 0, 0)"
0.2315897944647704,"(0, 1, 1, 0, 0, 0, 0, 1, 0, 1)"
0.45981621625673114,"(0, 1, 1, 0, 0, 0, 0, 1, 1, 0)"
0.5565267354061656,"(0, 1, 1, 0, 0, 0, 0, 1, 1, 1)"
0.3475869309257087,"(0, 1, 1, 0, 0, 0, 1, 0, 0, 0)"
0.5194394151529883,"(0, 1, 1, 0, 0, 0, 1, 0, 0, 1)"
0.6706399012171568,"(0, 1, 1, 0, 0, 0, 1, 0, 1, 0)"
0.4163499303756396,"(0, 1, 1, 0, 0, 0, 1, 0, 1, 1)"
0.3432981880120495,"(0, 1, 1, 0, 0, 0, 1, 1, 0, 0)"
0.8174734887273488,"(0, 1, 1, 0, 0, 0, 1, 1, 0, 1)"
0.2462521499905463,"(0, 1, 1, 0, 0, 0, 1, 1, 1, 0)"
0.7121504628129957,"(0, 1, 1, 0, 0, 0, 1, 1, 1, 1)"
0.5162925204174414,"(0, 1, 1, 0, 0, 1, 0, 0, 0, 0)"
0.7567617469236325,"(0, 1, 1, 0, 0, 1, 0, 0, 0, 1)"
0.270428250147841,"(0, 1, 1, 0, 0, 1, 0, 0, 1, 0)"
0.41058654589413346,"(0, 1, 1, 0, 0, 1, 0, 0, 1, 1)"
0.7150282122269669,"(0, 1, 1, 0, 0, 1, 0, 1, 0, 0)"
0.2855869285470025,"(0, 1, 1, 0, 0, 1, 0, 1, 0, 1)"
0.6149839209395749,"(0, 1, 1, 0, 0, 1, 0, 1, 1, 0)"
0.5682074738314778,"(0, 1, 1, 0, 0, 1, 0, 1, 1, 1)"
0.2864462968687339,"(0, 1, 1, 0, 0, 1, 1, 0, 0, 0)"
0.290873662808112,"(0, 1, 1, 0, 0, 1, 1, 0, 0, 1)"
0.566693210317407,"(0, 1, 1, 0, 0, 1, 1, 0, 1, 0)"
0.4908710197298229,"(0, 1, 1, 0, 0, 1, 1, 0, 1, 1)"
0.6284463508461706,"(0, 1, 1, 0, 0, 1, 1, 1, 0, 0)"
0.7318533184885828,"(0, 1, 1, 0, 0, 1, 1, 1, 0, 1)"
0.4303790689116542,"(0, 1, 1, 0, 0, 1, 1, 1, 1, 0)"
0.6690458192122378,"(0, 1, 1, 0, 0, 1, 1, 1, 1, 1)"
0.21810948628615862,"(0, 1, 1, 0, 1, 0, 0, 0, 0, 0)"
0.355747536827993,"(0, 1, 1, 0, 1, 0, 0, 0, 0, 1)"
0.598861905340604,"(0, 1, 1, 0, 1, 0, 0, 0, 1, 0)"
0.7852301138145039,"(0, 1, 1, 0, 1, 0, 0, 0, 1, 1)"
0.5624860341457695,"(0, 1, 1, 0, 1, 0, 0, 1, 0, 0)"
0.3613386197417447,"(0, 1, 1, 0, 1, 0, 0, 1, 0, 1)"
0.4287607210047666,"(0, 1, 1, 0, 1, 0, 0, 1, 1, 0)"
0.5764527341484291,"(0, 1, 1, 0, 1, 0, 0, 1, 1, 1)"
0.18498981491576597,"(0, 1, 1, 0, 1, 0, 1, 0, 0, 0)"
0.7882198718512468,"(0, 1, 1, 0, 1, 0, 1, 0, 0, 1)"
0.5137769509608033,"(0, 1, 1, 0, 1, 0, 1, 0, 1, 0)"
0.6252603641765802,"(0, 1, 1, 0, 1, 0, 1, 0, 1, 1)"
0.7276517011580761,"(0, 1, 1, 0, 1, 0, 1, 1, 0, 0)"
0.7682351457612786,"(0, 1, 1, 0, 1, 0, 1, 1, 0, 1)"
0.765263721149426,"(0, 1, 1, 0, 1, 0, 1, 1, 1, 0)"
0.3373311348791605,"(0, 1, 1, 0, 1, 0, 1, 1, 1, 1)"
0.3726542537018726,"(0, 1, 1, 0, 1, 1, 0, 0, 0, 0)"
0.500225395207557,"(0, 1, 1, 0, 1, 1, 0, 0, 0, 1)"
0.651717020375199,"(0, 1, 1, 0, 1, 1, 0, 0, 1, 0)"
0.628562965803358,"(0, 1, 1, 0, 1, 1, 0, 0, 1, 1)"
0.40090757352822537,"(0, 1, 1, 0, 1, 1, 0, 1, 0, 0)"
0.7266519524122728,"(0, 1, 1, 0, 1, 1, 0, 1, 0, 1)"
0.6087029440781361,"(0, 1, 1, 0, 1, 1, 0, 1, 1, 0)"
0.5871773313265438,"(0, 1, 1, 0, 1, 1, 0, 1, 1, 1)"
0.22828028244149862,"(0, 1, 1, 0, 1, 1, 1, 0, 0, 0)"
0.6056735767092271,"(0, 1, 1, 0, 1, 1, 1, 0, 0, 1)"
0.5820212154165723,"(0, 1, 1, 0, 1, 1, 1, 0, 1, 0)"
0.9293226591037455,"(0, 1, 1, 0, 1, 1, 1, 0, 1, 1)"
0.7311682825652117,"(0, 1, 1, 0, 1, 1, 1, 1, 0, 0)"
0.8351819341836015,"(0, 1, 1, 0, 1, 1, 1, 1, 0, 1)"
0.4677569848732062,"(0, 1, 1, 0, 1, 1, 1, 1, 1, 0)"
0.778794611181986,"(0, 1, 1, 0, 1, 1, 1, 1, 1, 1)"
0.17882985147820957,"(0, 1, 1, 1, 0, 0, 0, 0, 0, 0)"
0.3504111933404549,"(0, 1, 1, 1, 0, 0, 0, 0, 0, 1)"
0.20756622876077538,"(0, 1, 1, 1, 0, 0, 0, 0, 1, 0)"
0.6981567203244139,"(0, 1, 1, 1, 0, 0, 0, 0, 1, 1)"
0.3065465916235594,"(0, 1, 1, 1, 0, 0, 0, 1, 0, 0)"
0.7193226063442194,"(0, 1, 1, 1, 0, 0, 0, 1, 0, 1)"
0.500814775216711,"(0, 1, 1, 1, 0, 0, 0, 1, 1, 0)"
0.5094511510299404,"(0, 1, 1, 1, 0, 0, 0, 1, 1, 1)"
0.36755386390869693,"(0, 1, 1, 1, 0, 0, 1, 0, 0, 0)"
0.5055150730634583,"(0, 1, 1, 1, 0, 0, 1, 0, 0, 1)"
0.5189162583709553,"(0, 1, 1, 1, 0, 0, 1, 0, 1, 0)"
0.6566025663999696,"(0, 1, 1, 1, 0, 0, 1, 0, 1, 1)"
0.2344835173621051,"(0, 1, 1, 1, 0, 0, 1, 1, 0, 0)"
0.4582415618023992,"(0, 1, 1, 1, 0, 0, 1, 1, 0, 1)"
0.5848843074824275,"(0, 1, 1, 1, 0, 0, 1, 1, 1, 0)"
0.5808331172271688,"(0, 1, 1, 1, 0, 0, 1, 1, 1, 1)"
0.6368909183358276,"(0, 1, 1, 1, 0, 1, 0, 0, 0, 0)"
0.6191251051003365,"(0, 1, 1, 1, 0, 1, 0, 0, 0, 1)"
0.5491459474276542,"(0, 1, 1, 1, 0, 1, 0, 0, 1, 0)"
0.5182328659457138,"(0, 1, 1, 1, 0, 1, 0, 0, 1, 1)"
0.2283810309585483,"(0, 1, 1, 1, 0, 1, 0, 1, 0, 0)"
0.6656432112317545,"(0, 1, 1, 1, 0, 1, 0, 1, 0, 1)"
0.677423506041832,"(0, 1, 1, 1, 0, 1, 0, 1, 1, 0)"
0.5670420847839204,"(0, 1, 1, 1, 0, 1, 0, 1, 1, 1)"
0.48222060291609736,"(0, 1, 1, 1, 0, 1, 1, 0, 0, 0)"
0.44927442031574827,"(0, 1, 1, 1, 0, 1, 1, 0, 0, 1)"
0.46319969063816224,"(0, 1, 1, 1, 0, 1, 1, 0, 1, 0)"
0.8780550411525735,"(0, 1, 1, 1, 0, 1, 1, 0, 1, 1)"
0.5181804154892174,"(0, 1, 1, 1, 0, 1, 1, 1, 0, 0)"
0.6914367211976009,"(0, 1, 1, 1, 0, 1, 1, 1, 0, 1)"
0.8315839641048323,"(0, 1, 1, 1, 0, 1, 1, 1, 1, 0)"
0.5656261894726805,"(0, 1, 1, 1, 0, 1, 1, 1, 1, 1)"
0.41032095552114634,"(0, 1, 1, 1, 1, 0, 0, 0, 0, 0)"
0.5392776670244309,"(0, 1, 1, 1, 1, 0, 0, 0, 0, 1)"
0.49469086901638465,"(0, 1, 1, 1, 1, 0, 0, 0, 1, 0)"
0.3205086544239114,"(0, 1, 1, 1, 1, 0, 0, 0, 1, 1)"
0.5118358626886393,"(0, 1, 1, 1, 1, 0, 0, 1, 0, 0)"
0.5816094035432066,"(0, 1, 1, 1, 1, 0, 0, 1, 0, 1)"
0.6020658444298086,"(0, 1, 1, 1, 1, 0, 0, 1, 1, 0)"
0.6534200703608721,"(0, 1, 1, 1, 1, 0, 0, 1, 1, 1)"
0.48223858206164955,"(0, 1, 1, 1, 1, 0, 1, 0, 0, 0)"
0.6117993030864206,"(0, 1, 1, 1, 1, 0, 1, 0, 0, 1)"
0.52795795173173,"(0, 1, 1, 1, 1, 0, 1, 0, 1, 0)"
0.5400693171783585,"(0, 1, 1, 1, 1, 0, 1, 0, 1, 1)"
0.5690401679941854,"(0, 1, 1, 1, 1, 0, 1, 1, 0, 0)"
0.7806327561304648,"(0, 1, 1, 1, 1, 0, 1, 1, 0, 1)"
0.7596256161813493,"(0, 1, 1, 1, 1, 0, 1, 1, 1, 0)"
0.8366797378463627,"(0, 1, 1, 1, 1, 0, 1, 1, 1, 1)"
0.5271160815340888,"(0, 1, 1, 1, 1, 1, 0, 0, 0, 0)"
0.5315954358630803,"(0, 1, 1, 1, 1, 1, 0, 0, 0, 1)"
0.45193975754455545,"(0, 1, 1, 1, 1, 1, 0, 0, 1, 0)"
0.669287039844571,"(0, 1, 1, 1, 1, 1, 0, 0, 1, 1)"
0.7031188509842874,"(0, 1, 1, 1, 1, 1, 0, 1, 0, 0)"
0.5566718815953094,"(0, 1, 1, 1, 1, 1, 0, 1, 0, 1)"
0.8080614944797567,"(0, 1, 1, 1, 1, 1, 0, 1, 1, 0)"
0.8142943299660659,"(0, 1, 1, 1, 1, 1, 0, 1, 1, 1)"
0.6914253765727761,"(0, 1, 1, 1, 1, 1, 1, 0, 0, 0)"
0.8456099047721649,"(0, 1, 1, 1, 1, 1, 1, 0, 0, 1)"
0.7715123652471085,"(0, 1, 1, 1, 1, 1, 1, 0, 1, 0)"
0.6967396985039936,"(0, 1, 1, 1, 1, 1, 1, 0, 1, 1)"
0.8651825546852299,"(0, 1, 1, 1, 1, 1, 1, 1, 0, 0)"
0.915290886648394,"(0, 1, 1, 1, 1, 1, 1, 1, 0, 1)"
0.8448813495795765,"(0, 1, 1, 1, 1, 1, 1, 1, 1, 0)"
0.9145583857582693,"(0, 1, 1, 1, 1, 1, 1, 1, 1, 1)"
0.11183402000397046,"(1, 0, 0, 0, 0, 0, 0, 0, 0, 0)"
0.4859976533000543,"(1, 0, 0, 0, 0, 0, 0, 0, 0, 1)"
0.5115153015459055,"(1, 0, 0, 0, 0, 0, 0, 0, 1, 0)"
0.27685407305251986,"(1, 0, 0, 0, 0, 0, 0, 0, 1, 1)"
0.28796162669179687,"(1, 0, 0, 0, 0, 0, 0, 1, 0, 0)"
0.45852308273151754,"(1, 0, 0, 0, 0, 0, 0, 1, 0, 1)"
0.2769083992413429,"(1, 0, 0, 0, 0, 0, 0, 1, 1, 0)"
0.2115277131854482,"(1, 0, 0, 0, 0, 0, 0, 1, 1, 1)"
0.31751071319890145,"(1, 0, 0, 0, 0, 0, 1, 0, 0, 0)"
0.13866986032292453,"(1, 0, 0, 0, 0, 0, 1, 0, 0, 1)"
0.3203557213231872,"(1, 0, 0, 0, 0, 0, 1, 0, 1, 0)"
0.4597659898382007,"(1, 0, 0, 0, 0, 0, 1, 0, 1, 1)"
0.11472616250658936,"(1, 0, 0, 0, 0, 0, 1, 1, 0, 0)"
0.3305652334721264,"(1, 0, 0, 0, 0, 0, 1, 1, 0, 1)"
0.5214608950398577,"(1, 0, 0, 0, 0, 0, 1, 1, 1, 0)"
0.7109877299741245,"(1, 0, 0, 0, 0, 0, 1, 1, 1, 1)"
0.2717192147964558,"(1, 0, 0, 0, 0, 1, 0, 0, 0, 0)"
0.19833222580084803,"(1, 0, 0, 0, 0, 1, 0, 0, 0, 1)"
0.3710220084379966,"(1, 0, 0, 0, 0, 1, 0, 0, 1, 0)"
0.2549402460972313,"(1, 0, 0, 0, 0, 1, 0, 0, 1, 1)"
0.12284049804937403,"(1, 0, 0, 0, 0, 1, 0, 1, 0, 0)"
0.6267582936664432,"(1, 0, 0, 0, 0, 1, 0, 1, 0, 1)"
0.6722747710431309,"(1, 0, 0, 0, 0, 1, 0, 1, 1, 0)"
0.1753408886175148,"(1, 0, 0, 0, 0, 1, 0, 1, 1, 1)"
0.23526887561352333,"(1, 0, 0, 0, 0, 1, 1, 0, 0, 0)"
0.18899759927501092,"(1, 0, 0, 0, 0, 1, 1, 0, 0, 1)"
0.40034954141993295,"(1, 0, 0, 0, 0, 1, 1, 0, 1, 0)"
0.616117372000884,"(1, 0, 0, 0, 0, 1, 1, 0, 1, 1)"
0.24782930160865194,"(1, 0, 0, 0, 0, 1, 1, 1, 0, 0)"
0.23793422507350423,"(1, 0, 0, 0, 0, 1, 1, 1, 0, 1)"
0.5329470575322484,"(1, 0, 0, 0, 0, 1, 1, 1, 1, 0)"
0.3478098117658599,"(1, 0, 0, 0, 0, 1, 1, 1, 1, 1)"
0.053587020010420636,"(1, 0, 0, 0, 1, 0, 0, 0, 0, 0)"
0.3384166962543164,"(1, 0, 0, 0, 1, 0, 0, 0, 0, 1)"
0.24134617946201328,"(1, 0, 0, 0, 1, 0, 0, 0, 1, 0)"
0.4155937585900745,"(1, 0, 0, 0, 1, 0, 0, 0, 1, 1)"
0.3841326034487236,"(1, 0, 0, 0, 1, 0, 0, 1, 0, 0)"
0.3484011609005116,"(1, 0, 0, 0, 1, 0, 0, 1, 0, 1)"
0.5774625878117154,"(1, 0, 0, 0, 1, 0, 0, 1, 1, 0)"
0.5235880553167849,"(1, 0, 0, 0, 1, 0, 0, 1, 1, 1)"
0.6312539920015048,"(1, 0, 0, 0, 1, 0, 1, 0, 0, 0)"
0.25741021883607396,"(1, 0, 0, 0, 1, 0, 1, 0, 0, 1)"
0.5938205373228306,"(1, 0, 0, 0, 1, 0, 1, 0, 1, 0)"
0.32992635729553893,"(1, 0, 0, 0, 1, 0, 1, 0, 1, 1)"
0.5560249592988806,"(1, 0, 0, 0, 1, 0, 1, 1, 0, 0)"
0.5844255435570652,"(1, 0, 0, 0, 1, 0, 1, 1, 0, 1)"
0.43952774810480416,"(1, 0, 0, 0, 1, 0, 1, 1, 1, 0)"
0.6954246960896016,"(1, 0, 0, 0, 1, 0, 1, 1, 1, 1)"
0.09069995179648316,"(1, 0, 0, 0, 1, 1, 0, 0, 0, 0)"
0.42013557625231296,"(1, 0, 0, 0, 1, 1, 0, 0, 0, 1)"
0.3399807236163087,"(1, 0, 0, 0, 1, 1, 0, 0, 1, 0)"
0.692538910709135,"(1, 0, 0, 0, 1, 1, 0, 0, 1, 1)"
0.5041135016627477,"(1, 0, 0, 0, 1, 1, 0, 1, 0, 0)"
0.5864319301228871,"(1, 0, 0, 0, 1, 1, 0, 1, 0, 1)"
0.7142471930528631,"(1, 0, 0, 0, 1, 1, 0, 1, 1, 0)"
0.5514504706055059,"(1, 0, 0, 0, 1, 1, 0, 1, 1, 1)"
0.2878803856870364,"(1, 0, 0, 0, 1, 1, 1, 0, 0, 0)"
0.6134490482093616,"(1, 0, 0, 0, 1, 1, 1, 0, 0, 1)"
0.8153707027604407,"(1, 0, 0, 0, 1, 1, 1, 0, 1, 0)"
0.6114724043185561,"(1, 0, 0, 0, 1, 1, 1, 0, 1, 1)"
0.44259012214903587,"(1, 0, 0, 0, 1, 1, 1, 1, 0, 0)"
0.6451507782358498,"(1, 0, 0, 0, 1, 1, 1, 1, 0, 1)"
0.6959337731103851,"(1, 0, 0, 0, 1, 1, 1, 1, 1, 0)"
0.6808833893416573,"(1, 0, 0, 0, 1, 1, 1, 1, 1, 1)"
0.06159395068884606,"(1, 0, 0, 1, 0, 0, 0, 0, 0, 0)"
0.08843410143586247,"(1, 0, 0, 1, 0, 0, 0, 0, 0, 1)"
0.4122907284422286,"(1, 0, 0, 1, 0, 0, 0, 0, 1, 0)"
0.24984713511854725,"(1, 0, 0, 1, 0, 0, 0, 0, 1, 1)"
0.2494001720405536,"(1, 0, 0, 1, 0, 0, 0, 1, 0, 0)"
0.40125792368500435,"(1, 0, 0, 1, 0, 0, 0, 1, 0, 1)"
0.3109063530789387,"(1, 0, 0, 1, 0, 0, 0, 1, 1, 0)"
0.578929554160573,"(1, 0, 0, 1, 0, 0, 0, 1, 1, 1)"
0.378330543493256,"(1, 0, 0, 1, 0, 0, 1, 0, 0, 0)"
0.391613154589317,"(1, 0, 0, 1, 0, 0, 1, 0, 0, 1)"
0.4520901569316882,"(1, 0, 0, 1, 0, 0, 1, 0, 1, 0)"
0.6481305481018635,"(1, 0, 0, 1, 0, 0, 1, 0, 1, 1)"
0.6440282644654047,"(1, 0, 0, 1, 0, 0, 1, 1, 0, 0)"
0.7719714551444921,"(1, 0, 0, 1, 0, 0, 1, 1, 0, 1)"
0.5070472476091027,"(1, 0, 0, 1, 0, 0, 1, 1, 1, 0)"
0.7659096460413822,"(1, 0, 0, 1, 0, 0, 1, 1, 1, 1)"
0.6119560717414462,"(1, 0, 0, 1, 0, 1, 0, 0, 0, 0)"
0.1955912996590533,"(1, 0, 0, 1, 0, 1, 0, 0, 0, 1)"
0.5499889077136,"(1, 0, 0, 1, 0, 1, 0, 0, 1, 0)"
0.35106936347715206,"(1, 0, 0, 1, 0, 1, 0, 0, 1, 1)"
0.80037271773668,"(1, 0, 0, 1, 0, 1, 0, 1, 0, 0)"
0.6056112220920923,"(1, 0, 0, 1, 0, 1, 0, 1, 0, 1)"
0.327594459927003,"(1, 0, 0, 1, 0, 1, 0, 1, 1, 0)"
0.37740323427484324,"(1, 0, 0, 1, 0, 1, 0, 1, 1, 1)"
0.6456657539736053,"(1, 0, 0, 1, 0, 1, 1, 0, 0, 0)"
0.5966433035344512,"(1, 0, 0, 1, 0, 1, 1, 0, 0, 1)"
0.45794261970336686,"(1, 0, 0, 1, 0, 1, 1, 0, 1, 0)"
0.73870292961542,"(1, 0, 0, 1, 0, 1, 1, 0, 1, 1)"
0.40363915626523783,"(1, 0, 0, 1, 0, 1, 1, 1, 0, 0)"
0.5186151011928195,"(1, 0, 0, 1, 0, 1, 1, 1, 0, 1)"
0.8255555104174124,"(1, 0, 0, 1, 0, 1, 1, 1, 1, 0)"
0.9394250713246712,"(1, 0, 0, 1, 0, 1, 1, 1, 1, 1)"
0.39523707128101443,"(1, 0, 0, 1, 1, 0, 0, 0, 0, 0)"
0.11310654924938539,"(1, 0, 0, 1, 1, 0, 0, 0, 0, 1)"
0.6606754404161033,"(1, 0, 0, 1, 1, 0, 0, 0, 1, 0)"
0.2647230542311643,"(1, 0, 0, 1, 1, 0, 0, 0, 1, 1)"
0.6653572159931715,"(1, 0, 0, 1, 1, 0, 0, 1, 0, 0)"
0.3617108587511133,"(1, 0, 0, 1, 1, 0, 0, 1, 0, 1)"
0.6513879432224496,"(1, 0, 0, 1, 1, 0, 0, 1, 1, 0)"
0.6241670275548059,"(1, 0, 0, 1, 1, 0, 0, 1, 1, 1)"
0.4293198079437835,"(1, 0, 0, 1, 1, 0, 1, 0, 0, 0)"
0.6345923827710139,"(1, 0, 0, 1, 1, 0, 1, 0, 0, 1)"
0.41613901519089624,"(1, 0, 0, 1, 1, 0, 1, 0, 1, 0)"
0.5708377045081627,"(1, 0, 0, 1, 1, 0, 1, 0, 1, 1)"
0.6048016982742188,"(1, 0, 0, 1, 1, 0, 1, 1, 0, 0)"
0.6078266801130547,"(1, 0, 0, 1, 1, 0, 1, 1, 0, 1)"
0.6325264798307749,"(1, 0, 0, 1, 1, 0, 1, 1, 1, 0)"
0.7165035345050007,"(1, 0, 0, 1, 1, 0, 1, 1, 1, 1)"
0.39516881321916103,"(1, 0, 0, 1, 1, 1, 0, 0, 0, 0)"
0.510718523067107,"(1, 0, 0, 1, 1, 1, 0, 0, 0, 1)"
0.719372618953904,"(1, 0, 0, 1, 1, 1, 0, 0, 1, 0)"
0.30103462348684196,"(1, 0, 0, 1, 1, 1, 0, 0, 1, 1)"
0.44397302040097775,"(1, 0, 0, 1, 1, 1, 0, 1, 0, 0)"
0.2709975841080618,"(1, 0, 0, 1, 1, 1, 0, 1, 0, 1)"
0.4528514416730112,"(1, 0, 0, 1, 1, 1, 0, 1, 1, 0)"
0.45124769062516396,"(1, 0, 0, 1, 1, 1, 0, 1, 1, 1)"
0.3337142248486597,"(1, 0, 0, 1, 1, 1, 1, 0, 0, 0)"
0.7989537356951697,"(1, 0, 0, 1, 1, 1, 1, 0, 0, 1)"
0.663579157243338,"(1, 0, 0, 1, 1, 1, 1, 0, 1, 0)"
0.7968089964387068,"(1, 0, 0, 1, 1, 1, 1, 0, 1, 1)"
0.7508490912232666,"(1, 0, 0, 1, 1, 1, 1, 1, 0, 0)"
0.9036534035929844,"(1, 0, 0, 1, 1, 1, 1, 1, 0, 1)"
0.7888415758841285,"(1, 0, 0, 1, 1, 1, 1, 1, 1, 0)"
0.8239191939041416,"(1, 0, 0, 1, 1, 1, 1, 1, 1, 1)"
0.0973354267760897,"(1, 0, 1, 0, 0, 0, 0, 0, 0, 0)"
0.1793218313408045,"(1, 0, 1, 0, 0, 0, 0, 0, 0, 1)"
0.2514326432961726,"(1, 0, 1, 0, 0, 0, 0, 0, 1, 0)"
0.40158351247099816,"(1, 0, 1, 0, 0, 0, 0, 0, 1, 1)"
0.5320618160796948,"(1, 0, 1, 0, 0, 0, 0, 1, 0, 0)"
0.2874903712913663,"(1, 0, 1, 0, 0, 0, 0, 1, 0, 1)"
0.257469346281365,"(1, 0, 1, 0, 0, 0, 0, 1, 1, 0)"
0.5403334138648705,"(1, 0, 1, 0, 0, 0, 0, 1, 1, 1)"
0.2793472160542362,"(1, 0, 1, 0, 0, 0, 1, 0, 0, 0)"
0.5291769529993606,"(1, 0, 1, 0, 0, 0, 1, 0, 0, 1)"
0.3867014660220308,"(1, 0, 1, 0, 0, 0, 1, 0, 1, 0)"
0.6537395624109472,"(1, 0, 1, 0, 0, 0, 1, 0, 1, 1)"
0.2611262797065388,"(1, 0, 1, 0, 0, 0, 1, 1, 0, 0)"
0.19447251650524228,"(1, 0, 1, 0, 0, 0, 1, 1, 0, 1)"
0.25784755619835664,"(1, 0, 1, 0, 0, 0, 1, 1, 1, 0)"
0.42488033869055936,"(1, 0, 1, 0, 0, 0, 1, 1, 1, 1)"
0.5985813201773496,"(1, 0, 1, 0, 0, 1, 0, 0, 0, 0)"
0.5920055204017431,"(1, 0, 1, 0, 0, 1, 0, 0, 0, 1)"
0.39180299912359756,"(1, 0, 1, 0, 0, 1, 0, 0, 1, 0)"
0.8743404820695108,"(1, 0, 1, 0, 0, 1, 0, 0, 1, 1)"
0.389201721873943,"(1, 0, 1, 0, 0, 1, 0, 1, 0, 0)"
0.47905073668538994,"(1, 0, 1, 0, 0, 1, 0, 1, 0, 1)"
0.3765757510535935,"(1, 0, 1, 0, 0, 1, 0, 1, 1, 0)"
0.7969634484649255,"(1, 0, 1, 0, 0, 1, 0, 1, 1, 1)"
0.4678746906246409,"(1, 0, 1, 0, 0, 1, 1, 0, 0, 0)"
0.4690584649753411,"(1, 0, 1, 0, 0, 1, 1, 0, 0, 1)"
0.22888457350709518,"(1, 0, 1, 0, 0, 1, 1, 0, 1, 0)"
0.7204817220918657,"(1, 0, 1, 0, 0, 1, 1, 0, 1, 1)"
0.3619867783463584,"(1, 0, 1, 0, 0, 1, 1, 1, 0, 0)"
0.2363454166260135,"(1, 0, 1, 0, 0, 1, 1, 1, 0, 1)"
0.5769378432094919,"(1, 0, 1, 0, 0, 1, 1, 1, 1, 0)"
0.772163089539656,"(1, 0, 1, 0, 0, 1, 1, 1, 1, 1)"
0.25924625451879446,"(1, 0, 1, 0, 1, 0, 0, 0, 0, 0)"
0.34017813536943975,"(1, 0, 1, 0, 1, 0, 0, 0, 0, 1)"
0.3320800489647543,"(1, 0, 1, 0, 1, 0, 0, 0, 1, 0)"
0.39056845235432525,"(1, 0, 1, 0, 1, 0, 0, 0, 1, 1)"
0.47076611276922803,"(1, 0, 1, 0, 1, 0, 0, 1, 0, 0)"
0.5503164533197344,"(1, 0, 1, 0, 1, 0, 0, 1, 0, 1)"
0.655128562099187,"(1, 0, 1, 0, 1, 0, 0, 1, 1, 0)"
0.4075759003316874,"(1, 0, 1, 0, 1, 0, 0, 1, 1, 1)"
0.62633254353395,"(1, 0, 1, 0, 1, 0, 1, 0, 0, 0)"
0.9069297547497513,"(1, 0, 1, 0, 1, 0, 1, 0, 0, 1)"
0.4629929868749241,"(1, 0, 1, 0, 1, 0, 1, 0, 1, 0)"
0.5124223007681342,"(1, 0, 1, 0, 1, 0, 1, 0, 1, 1)"
0.3640853866561204,"(1, 0, 1, 0, 1, 0, 1, 1, 0, 0)"
0.8860107824876032,"(1, 0, 1, 0, 1, 0, 1, 1, 0, 1)"
0.36057555758000825,"(1, 0, 1, 0, 1, 0, 1, 1, 1, 0)"
0.6363645481991456,"(1, 0, 1, 0, 1, 0, 1, 1, 1, 1)"
0.30450720482992655,"(1, 0, 1, 0, 1, 1, 0, 0, 0, 0)"
0.5433550046490238,"(1, 0, 1, 0, 1, 1, 0, 0, 0, 1)"
0.7397678038457436,"(1, 0, 1, 0, 1, 1, 0, 0, 1, 0)"
0.39447295706452956,"(1, 0, 1, 0, 1, 1, 0, 0, 1, 1)"
0.4739228431803423,"(1, 0, 1, 0, 1, 1, 0, 1, 0, 0)"
0.8705751110370439,"(1, 0, 1, 0, 1, 1, 0, 1, 0, 1)"
0.5632393545824469,"(1, 0, 1, 0, 1, 1, 0, 1, 1, 0)"
0.898687287020759,"(1, 0, 1, 0, 1, 1, 0, 1, 1, 1)"
0.5721782972178812,"(1, 0, 1, 0, 1, 1, 1, 0, 0, 0)"
0.42007676569734903,"(1, 0, 1, 0, 1, 1, 1, 0, 0, 1)"
0.7860753561375415,"(1, 0, 1, 0, 1, 1, 1, 0, 1, 0)"
0.47021433897215115,"(1, 0, 1, 0, 1, 1, 1, 0, 1, 1)"
0.4298924920564147,"(1, 0, 1, 0, 1, 1, 1, 1, 0, 0)"
0.8872595305268229,"(1, 0, 1, 0, 1, 1, 1, 1, 0, 1)"
0.7045117287894469,"(1, 0, 1, 0, 1, 1, 1, 1, 1, 0)"
0.6790582419742226,"(1, 0, 1, 0, 1, 1, 1, 1, 1, 1)"
0.4188642500481778,"(1, 0, 1, 1, 0, 0, 0, 0, 0, 0)"
0.2532298864843463,"(1, 0, 1, 1, 0, 0, 0, 0, 0, 1)"
0.3321646182358305,"(1, 0, 1, 1, 0, 0, 0, 0, 1, 0)"
0.4624719499484315,"(1, 0, 1, 1, 0, 0, 0, 0, 1, 1)"
0.5214440144127159,"(1, 0, 1, 1, 0, 0, 0, 1, 0, 0)"
0.5746125142794807,"(1, 0, 1, 1, 0, 0, 0, 1, 0, 1)"
0.5300603782531064,"(1, 0, 1, 1, 0, 0, 0, 1, 1, 0)"
0.7274601771933028,"(1, 0, 1, 1, 0, 0, 0, 1, 1, 1)"
0.46975365559155136,"(1, 0, 1, 1, 0, 0, 1, 0, 0, 0)"
0.3759182558161557,"(1, 0, 1, 1, 0, 0, 1, 0, 0, 1)"
0.7090165553307741,"(1, 0, 1, 1, 0, 0, 1, 0, 1, 0)"
0.4307381564439835,"(1, 0, 1, 1, 0, 0, 1, 0, 1, 1)"
0.629392418649041,"(1, 0, 1, 1, 0, 0, 1, 1, 0, 0)"
0.8752390693140288,"(1, 0, 1, 1, 0, 0, 1, 1, 0, 1)"
0.5275731049095794,"(1, 0, 1, 1, 0, 0, 1, 1, 1, 0)"
0.7309108390354897,"(1, 0, 1, 1, 0, 0, 1, 1, 1, 1)"
0.4606678010441729,"(1, 0, 1, 1, 0, 1, 0, 0, 0, 0)"
0.5192377381006303,"(1, 0, 1, 1, 0, 1, 0, 0, 0, 1)"
0.4496838779196409,"(1, 0, 1, 1, 0, 1, 0, 0, 1, 0)"
0.7165620615464178,"(1, 0, 1, 1, 0, 1, 0, 0, 1, 1)"
0.24781652518617375,"(1, 0, 1, 1, 0, 1, 0, 1, 0, 0)"
0.8515473740822783,"(1, 0, 1, 1, 0, 1, 0, 1, 0, 1)"
0.7071978688224132,"(1, 0, 1, 1, 0, 1, 0, 1, 1, 0)"
0.7587203251890332,"(1, 0, 1, 1, 0, 1, 0, 1, 1, 1)"
0.4509925038349505,"(1, 0, 1, 1, 0, 1, 1, 0, 0, 0)"
0.6860787037173651,"(1, 0, 1, 1, 0, 1, 1, 0, 0, 1)"
0.6004069780482424,"(1, 0, 1, 1, 0, 1, 1, 0, 1, 0)"
0.7751034165743841,"(1, 0, 1, 1, 0, 1, 1, 0, 1, 1)"
0.5565939153760278,"(1, 0, 1, 1, 0, 1, 1, 1, 0, 0)"
0.5307546393174127,"(1, 0, 1, 1, 0, 1, 1, 1, 0, 1)"
0.650966086787738,"(1, 0, 1, 1, 0, 1, 1, 1, 1, 0)"
0.8943242440325627,"(1, 0, 1, 1, 0, 1, 1, 1, 1, 1)"
0.36237098233806925,"(1, 0, 1, 1, 1, 0, 0, 0, 0, 0)"
0.710386919908064,"(1, 0, 1, 1, 1, 0, 0, 0, 0, 1)"
0.4790212965615382,"(1, 0, 1, 1, 1, 0, 0, 0, 1, 0)"
0.6355787901615686,"(1, 0, 1, 1, 1, 0, 0, 0, 1, 1)"
0.6749857409458545,"(1, 0, 1, 1, 1, 0, 0, 1, 0, 0)"
0.6017258024973764,"(1, 0, 1, 1, 1, 0, 0, 1, 0, 1)"
0.8433079191145695,"(1, 0, 1, 1, 1, 0, 0, 1, 1, 0)"
0.6205774975154121,"(1, 0, 1, 1, 1, 0, 0, 1, 1, 1)"
0.6192905517642153,"(1, 0, 1, 1, 1, 0, 1, 0, 0, 0)"
0.5760461053753684,"(1, 0, 1, 1, 1, 0, 1, 0, 0, 1)"
0.6350679727582503,"(1, 0, 1, 1, 1, 0, 1, 0, 1, 0)"
0.8203930422597726,"(1, 0, 1, 1, 1, 0, 1, 0, 1, 1)"
0.5262518631736506,"(1, 0, 1, 1, 1, 0, 1, 1, 0, 0)"
0.7045951434033132,"(1, 0, 1, 1, 1, 0, 1, 1, 0, 1)"
0.7654815407550891,"(1, 0, 1, 1, 1, 0, 1, 1, 1, 0)"
0.9504887784740081,"(1, 0, 1, 1, 1, 0, 1, 1, 1, 1)"
0.2594847068479622,"(1, 0, 1, 1, 1, 1, 0, 0, 0, 0)"
0.42434867508046437,"(1, 0, 1, 1, 1, 1, 0, 0, 0, 1)"
0.4072277231973423,"(1, 0, 1, 1, 1, 1, 0, 0, 1, 0)"
0.9160788937381847,"(1, 0, 1, 1, 1, 1, 0, 0, 1, 1)"
0.5810243224749602,"(1, 0, 1, 1, 1, 1, 0, 1, 0, 0)"
0.8521824582485789,"(1, 0, 1, 1, 1, 1, 0, 1, 0, 1)"
0.8334738885092958,"(1, 0, 1, 1, 1, 1, 0, 1, 1, 0)"
0.7552224919030416,"(1, 0, 1, 1, 1, 1, 0, 1, 1, 1)"
0.6566562280512974,"(1, 0, 1, 1, 1, 1, 1, 0, 0, 0)"
0.534873073818235,"(1, 0, 1, 1, 1, 1, 1, 0, 0, 1)"
0.7745438256274053,"(1, 0, 1, 1, 1, 1, 1, 0, 1, 0)"
0.915612122020907,"(1, 0, 1, 1, 1, 1, 1, 0, 1, 1)"
0.5125362683315887,"(1, 0, 1, 1, 1, 1, 1, 1, 0, 0)"
0.7984664027410513,"(1, 0, 1, 1, 1, 1, 1, 1, 0, 1)"
0.8967974457690313,"(1, 0, 1, 1, 1, 1, 1, 1, 1, 0)"
0.8948717381133499,"(1, 0, 1, 1, 1, 1, 1, 1, 1, 1)"
0.19975775424087797,"(1, 1, 0, 0, 0, 0, 0, 0, 0, 0)"
0.2288808984807514,"(1, 1, 0, 0, 0, 0, 0, 0, 0, 1)"
0.3359524579986136,"(1, 1, 0, 0, 0, 0, 0, 0, 1, 0)"
0.5377560436909692,"(1, 1, 0, 0, 0, 0, 0, 0, 1, 1)"
0.40679247301978616,"(1, 1, 0, 0, 0, 0, 0, 1, 0, 0)"
0.1709364359893918,"(1, 1, 0, 0, 0, 0, 0, 1, 0, 1)"
0.307689778299019,"(1, 1, 0, 0, 0, 0, 0, 1, 1, 0)"
0.7049880719020453,"(1, 1, 0, 0, 0, 0, 0, 1, 1, 1)"
0.536378551833151,"(1, 1, 0, 0, 0, 0, 1, 0, 0, 0)"
0.26522681194873937,"(1, 1, 0, 0, 0, 0, 1, 0, 0, 1)"
0.2905419050903108,"(1, 1, 0, 0, 0, 0, 1, 0, 1, 0)"
0.5503775444301597,"(1, 1, 0, 0, 0, 0, 1, 0, 1, 1)"
0.6140421598397321,"(1, 1, 0, 0, 0, 0, 1, 1, 0, 0)"
0.5841409855440765,"(1, 1, 0, 0, 0, 0, 1, 1, 0, 1)"
0.31072492127442974,"(1, 1, 0, 0, 0, 0, 1, 1, 1, 0)"
0.6680174218109683,"(1, 1, 0, 0, 0, 0, 1, 1, 1, 1)"
0.6676907526171784,"(1, 1, 0, 0, 0, 1, 0, 0, 0, 0)"
0.6630348714344642,"(1, 1, 0, 0, 0, 1, 0, 0, 0, 1)"
0.27811161960621705,"(1, 1, 0, 0, 0, 1, 0, 0, 1, 0)"
0.42173518626320416,"(1, 1, 0, 0, 0, 1, 0, 0, 1, 1)"
0.4442908395273496,"(1, 1, 0, 0, 0, 1, 0, 1, 0, 0)"
0.5708289968636099,"(1, 1, 0, 0, 0, 1, 0, 1, 0, 1)"
0.3730953687398263,"(1, 1, 0, 0, 0, 1, 0, 1, 1, 0)"
0.7978553764583789,"(1, 1, 0, 0, 0, 1, 0, 1, 1, 1)"
0.31754732240016326,"(1, 1, 0, 0, 0, 1, 1, 0, 0, 0)"
0.42893518621705384,"(1, 1, 0, 0, 0, 1, 1, 0, 0, 1)"
0.3098859461733066,"(1, 1, 0, 0, 0, 1, 1, 0, 1, 0)"
0.6813551996123085,"(1, 1, 0, 0, 0, 1, 1, 0, 1, 1)"
0.7546920167493734,"(1, 1, 0, 0, 0, 1, 1, 1, 0, 0)"
0.617894877620822,"(1, 1, 0, 0, 0, 1, 1, 1, 0, 1)"
0.5935977580931374,"(1, 1, 0, 0, 0, 1, 1, 1, 1, 0)"
0.893374211775163,"(1, 1, 0, 0, 0, 1, 1, 1, 1, 1)"
0.20718922108074203,"(1, 1, 0, 0, 1, 0, 0, 0, 0, 0)"
0.32902180824418914,"(1, 1, 0, 0, 1, 0, 0, 0, 0, 1)"
0.34335938874789546,"(1, 1, 0, 0, 1, 0, 0, 0, 1, 0)"
0.4521532820583039,"(1, 1, 0, 0, 1, 0, 0, 0, 1, 1)"
0.17157783120936818,"(1, 1, 0, 0, 1, 0, 0, 1, 0, 0)"
0.49054777732018484,"(1, 1, 0, 0, 1, 0, 0, 1, 0, 1)"
0.42125061473771425,"(1, 1, 0, 0, 1, 0, 0, 1, 1, 0)"
0.6284150340812864,"(1, 1, 0, 0, 1, 0, 0, 1, 1, 1)"
0.5224669658039593,"(1, 1, 0, 0, 1, 0, 1, 0, 0, 0)"
0.702634573966397,"(1, 1, 0, 0, 1, 0, 1, 0, 0, 1)"
0.4723446849705575,"(1, 1, 0, 0, 1, 0, 1, 0, 1, 0)"
0.5910475317823125,"(1, 1, 0, 0, 1, 0, 1, 0, 1, 1)"
0.5299324553928784,"(1, 1, 0, 0, 1, 0, 1, 1, 0, 0)"
0.8314105328617192,"(1, 1, 0, 0, 1, 0, 1, 1, 0, 1)"
0.5931154470967498,"(1, 1, 0, 0, 1, 0, 1, 1, 1, 0)"
0.8553199466912289,"(1, 1, 0, 0, 1, 0, 1, 1, 1, 1)"
0.19768940676203275,"(1, 1, 0, 0, 1, 1, 0, 0, 0, 0)"
0.3965521515373618,"(1, 1, 0, 0, 1, 1, 0, 0, 0, 1)"
0.36583202081277766,"(1, 1, 0, 0, 1, 1, 0, 0, 1, 0)"
0.731086489355426,"(1, 1, 0, 0, 1, 1, 0, 0, 1, 1)"
0.42992583751125896,"(1, 1, 0, 0, 1, 1, 0, 1, 0, 0)"
0.5483354178661299,"(1, 1, 0, 0, 1, 1, 0, 1, 0, 1)"
0.6098598141575827,"(1, 1, 0, 0, 1, 1, 0, 1, 1, 0)"
0.8125960197693696,"(1, 1, 0, 0, 1, 1, 0, 1, 1, 1)"
0.46057098591777623,"(1, 1, 0, 0, 1, 1, 1, 0, 0, 0)"
0.6096086772240117,"(1, 1, 0, 0, 1, 1, 1, 0, 0, 1)"
0.5071477105578157,"(1, 1, 0, 0, 1, 1, 1, 0, 1, 0)"
0.8432157004930942,"(1, 1, 0, 0, 1, 1, 1, 0, 1, 1)"
0.7855105392031416,"(1, 1, 0, 0, 1, 1, 1, 1, 0, 0)"
0.8563490127647487,"(1, 1, 0, 0, 1, 1, 1, 1, 0, 1)"
0.6222604152608091,"(1, 1, 0, 0, 1, 1, 1, 1, 1, 0)"
0.8772715049859994,"(1, 1, 0, 0, 1, 1, 1, 1, 1, 1)"
0.24445196374562358,"(1, 1, 0, 1, 0, 0, 0, 0, 0, 0)"
0.38486719248734585,"(1, 1, 0, 1, 0, 0, 0, 0, 0, 1)"
0.31626110374825767,"(1, 1, 0, 1, 0, 0, 0, 0, 1, 0)"
0.40213168899079055,"(1, 1, 0, 1, 0, 0, 0, 0, 1, 1)"
0.4735153248913695,"(1, 1, 0, 1, 0, 0, 0, 1, 0, 0)"
0.47557276297277706,"(1, 1, 0, 1, 0, 0, 0, 1, 0, 1)"
0.6139238892571055,"(1, 1, 0, 1, 0, 0, 0, 1, 1, 0)"
0.502445026168639,"(1, 1, 0, 1, 0, 0, 0, 1, 1, 1)"
0.5255590258440123,"(1, 1, 0, 1, 0, 0, 1, 0, 0, 0)"
0.42620919719547024,"(1, 1, 0, 1, 0, 0, 1, 0, 0, 1)"
0.5343433021428713,"(1, 1, 0, 1, 0, 0, 1, 0, 1, 0)"
0.47550658646004473,"(1, 1, 0, 1, 0, 0, 1, 0, 1, 1)"
0.47490180437920076,"(1, 1, 0, 1, 0, 0, 1, 1, 0, 0)"
0.5887637302028892,"(1, 1, 0, 1, 0, 0, 1, 1, 0, 1)"
0.4659449039792961,"(1, 1, 0, 1, 0, 0, 1, 1, 1, 0)"
0.41344467897940407,"(1, 1, 0, 1, 0, 0, 1, 1, 1, 1)"
0.15725831932265938,"(1, 1, 0, 1, 0, 1, 0, 0, 0, 0)"
0.8266413321600703,"(1, 1, 0, 1, 0, 1, 0, 0, 0, 1)"
0.519246437760299,"(1, 1, 0, 1, 0, 1, 0, 0, 1, 0)"
0.3366523733412982,"(1, 1, 0, 1, 0, 1, 0, 0, 1, 1)"
0.4609676594291001,"(1, 1, 0, 1, 0, 1, 0, 1, 0, 0)"
0.733428634672466,"(1, 1, 0, 1, 0, 1, 0, 1, 0, 1)"
0.8937378934053365,"(1, 1, 0, 1, 0, 1, 0, 1, 1, 0)"
0.6000042510314464,"(1, 1, 0, 1, 0, 1, 0, 1, 1, 1)"
0.7508717334696164,"(1, 1, 0, 1, 0, 1, 1, 0, 0, 0)"
0.7267980376453069,"(1, 1, 0, 1, 0, 1, 1, 0, 0, 1)"
0.7801147781679981,"(1, 1, 0, 1, 0, 1, 1, 0, 1, 0)"
0.7077921699040529,"(1, 1, 0, 1, 0, 1, 1, 0, 1, 1)"
0.8322567609072008,"(1, 1, 0, 1, 0, 1, 1, 1, 0, 0)"
0.5244587710071112,"(1, 1, 0, 1, 0, 1, 1, 1, 0, 1)"
0.5027494704417984,"(1, 1, 0, 1, 0, 1, 1, 1, 1, 0)"
0.8802094142967741,"(1, 1, 0, 1, 0, 1, 1, 1, 1, 1)"
0.19212544075832078,"(1, 1, 0, 1, 1, 0, 0, 0, 0, 0)"
0.5331091825765482,"(1, 1, 0, 1, 1, 0, 0, 0, 0, 1)"
0.4414016570088175,"(1, 1, 0, 1, 1, 0, 0, 0, 1, 0)"
0.5755094348176207,"(1, 1, 0, 1, 1, 0, 0, 0, 1, 1)"
0.41257903177537636,"(1, 1, 0, 1, 1, 0, 0, 1, 0, 0)"
0.7828728708139955,"(1, 1, 0, 1, 1, 0, 0, 1, 0, 1)"
0.5218229247288886,"(1, 1, 0, 1, 1, 0, 0, 1, 1, 0)"
0.6056231508068901,"(1, 1, 0, 1, 1, 0, 0, 1, 1, 1)"
0.404321789742357,"(1, 1, 0, 1, 1, 0, 1, 0, 0, 0)"
0.818087262877204,"(1, 1, 0, 1, 1, 0, 1, 0, 0, 1)"
0.8507947102146075,"(1, 1, 0, 1, 1, 0, 1, 0, 1, 0)"
0.4639053279617078,"(1, 1, 0, 1, 1, 0, 1, 0, 1, 1)"
0.682585911500904,"(1, 1, 0, 1, 1, 0, 1, 1, 0, 0)"
0.5063571139363731,"(1, 1, 0, 1, 1, 0, 1, 1, 0, 1)"
0.9447298366464789,"(1, 1, 0, 1, 1, 0, 1, 1, 1, 0)"
0.721712334319829,"(1, 1, 0, 1, 1, 0, 1, 1, 1, 1)"
0.6488832860974603,"(1, 1, 0, 1, 1, 1, 0, 0, 0, 0)"
0.6830475691679214,"(1, 1, 0, 1, 1, 1, 0, 0, 0, 1)"
0.69019584984614,"(1, 1, 0, 1, 1, 1, 0, 0, 1, 0)"
0.47161334418877804,"(1, 1, 0, 1, 1, 1, 0, 0, 1, 1)"
0.5174624898933183,"(1, 1, 0, 1, 1, 1, 0, 1, 0, 0)"
0.4662892401250509,"(1, 1, 0, 1, 1, 1, 0, 1, 0, 1)"
0.7190679051980619,"(1, 1, 0, 1, 1, 1, 0, 1, 1, 0)"
0.9119474910509182,"(1, 1, 0, 1, 1, 1, 0, 1, 1, 1)"
0.6810547240120635,"(1, 1, 0, 1, 1, 1, 1, 0, 0, 0)"
0.8148346697957435,"(1, 1, 0, 1, 1, 1, 1, 0, 0, 1)"
0.8671573871552456,"(1, 1, 0, 1, 1, 1, 1, 0, 1, 0)"
0.9839959336615182,"(1, 1, 0, 1, 1, 1, 1, 0, 1, 1)"
0.7255469908485223,"(1, 1, 0, 1, 1, 1, 1, 1, 0, 0)"
0.8179797748019142,"(1, 1, 0, 1, 1, 1, 1, 1, 0, 1)"
0.8838265570994119,"(1, 1, 0, 1, 1, 1, 1, 1, 1, 0)"
0.768801705678847,"(1, 1, 0, 1, 1, 1, 1, 1, 1, 1)"
0.5631213725156267,"(1, 1, 1, 0, 0, 0, 0, 0, 0, 0)"
0.2960583590104293,"(1, 1, 1, 0, 0, 0, 0, 0, 0, 1)"
0.5161018825506476,"(1, 1, 1, 0, 0, 0, 0, 0, 1, 0)"
0.42661353529240814,"(1, 1, 1, 0, 0, 0, 0, 0, 1, 1)"
0.7081734712492076,"(1, 1, 1, 0, 0, 0, 0, 1, 0, 0)"
0.15563359239782246,"(1, 1, 1, 0, 0, 0, 0, 1, 0, 1)"
0.6593007599593473,"(1, 1, 1, 0, 0, 0, 0, 1, 1, 0)"
0.529702770873569,"(1, 1, 1, 0, 0, 0, 0, 1, 1, 1)"
0.40646674473975003,"(1, 1, 1, 0, 0, 0, 1, 0, 0, 0)"
0.4700506569702989,"(1, 1, 1, 0, 0, 0, 1, 0, 0, 1)"
0.7134182108887118,"(1, 1, 1, 0, 0, 0, 1, 0, 1, 0)"
0.6028943268956822,"(1, 1, 1, 0, 0, 0, 1, 0, 1, 1)"
0.6804710493951887,"(1, 1, 1, 0, 0, 0, 1, 1, 0, 0)"
0.6646854368759713,"(1, 1, 1, 0, 0, 0, 1, 1, 0, 1)"
0.6574355375366031,"(1, 1, 1, 0, 0, 0, 1, 1, 1, 0)"
0.9276746360210271,"(1, 1, 1, 0, 0, 0, 1, 1, 1, 1)"
0.46292595818456816,"(1, 1, 1, 0, 0, 1, 0, 0, 0, 0)"
0.6006364669600754,"(1, 1, 1, 0, 0, 1, 0, 0, 0, 1)"
0.6378846255269713,"(1, 1, 1, 0, 0, 1, 0, 0, 1, 0)"
0.6702856878734397,"(1, 1, 1, 0, 0, 1, 0, 0, 1, 1)"
0.46526085309383763,"(1, 1, 1, 0, 0, 1, 0, 1, 0, 0)"
0.5923988162555429,"(1, 1, 1, 0, 0, 1, 0, 1, 0, 1)"
0.5959194400677884,"(1, 1, 1, 0, 0, 1, 0, 1, 1, 0)"
0.8307738800794956,"(1, 1, 1, 0, 0, 1, 0, 1, 1, 1)"
0.2130551415587787,"(1, 1, 1, 0, 0, 1, 1, 0, 0, 0)"
0.47179049170017145,"(1, 1, 1, 0, 0, 1, 1, 0, 0, 1)"
0.6879790035730713,"(1, 1, 1, 0, 0, 1, 1, 0, 1, 0)"
0.7101719484568687,"(1, 1, 1, 0, 0, 1, 1, 0, 1, 1)"
0.5280249837969715,"(1, 1, 1, 0, 0, 1, 1, 1, 0, 0)"
0.8578434568895499,"(1, 1, 1, 0, 0, 1, 1, 1, 0, 1)"
0.6493329608124614,"(1, 1, 1, 0, 0, 1, 1, 1, 1, 0)"
0.862407932387245,"(1, 1, 1, 0, 0, 1, 1, 1, 1, 1)"
0.433633887718907,"(1, 1, 1, 0, 1, 0, 0, 0, 0, 0)"
0.3088553968825071,"(1, 1, 1, 0, 1, 0, 0, 0, 0, 1)"
0.6684222925359249,"(1, 1, 1, 0, 1, 0, 0, 0, 1, 0)"
0.614100464649126,"(1, 1, 1, 0, 1, 0, 0, 0, 1, 1)"
0.6070585041148313,"(1, 1, 1, 0, 1, 0, 0, 1, 0, 0)"
0.6345327239669769,"(1, 1, 1, 0, 1, 0, 0, 1, 0, 1)"
0.3607658429877971,"(1, 1, 1, 0, 1, 0, 0, 1, 1, 0)"
0.7174165003099227,"(1, 1, 1, 0, 1, 0, 0, 1, 1, 1)"
0.3684651796140821,"(1, 1, 1, 0, 1, 0, 1, 0, 0, 0)"
0.772098854300593,"(1, 1, 1, 0, 1, 0, 1, 0, 0, 1)"
0.813261132864695,"(1, 1, 1, 0, 1, 0, 1, 0, 1, 0)"
0.5128539870067843,"(1, 1, 1, 0, 1, 0, 1, 0, 1, 1)"
0.7329983411073683,"(1, 1, 1, 0, 1, 0, 1, 1, 0, 0)"
0.563745113746698,"(1, 1, 1, 0, 1, 0, 1, 1, 0, 1)"
0.5965597366326059,"(1, 1, 1, 0, 1, 0, 1, 1, 1, 0)"
0.892407792697393,"(1, 1, 1, 0, 1, 0, 1, 1, 1, 1)"
0.6149237423598429,"(1, 1, 1, 0, 1, 1, 0, 0, 0, 0)"
0.5761391543080688,"(1, 1, 1, 0, 1, 1, 0, 0, 0, 1)"
0.6810085018999521,"(1, 1, 1, 0, 1, 1, 0, 0, 1, 0)"
0.7903498721150144,"(1, 1, 1, 0, 1, 1, 0, 0, 1, 1)"
0.40577968517533125,"(1, 1, 1, 0, 1, 1, 0, 1, 0, 0)"
0.7913256937872359,"(1, 1, 1, 0, 1, 1, 0, 1, 0, 1)"
0.5719583681893579,"(1, 1, 1, 0, 1, 1, 0, 1, 1, 0)"
0.8721187753181349,"(1, 1, 1, 0, 1, 1, 0, 1, 1, 1)"
0.524963342125789,"(1, 1, 1, 0, 1, 1, 1, 0, 0, 0)"
0.4403755470507163,"(1, 1, 1, 0, 1, 1, 1, 0, 0, 1)"
0.7949974021289927,"(1, 1, 1, 0, 1, 1, 1, 0, 1, 0)"
0.8075060909822778,"(1, 1, 1, 0, 1, 1, 1, 0, 1, 1)"
0.9460819312098152,"(1, 1, 1, 0, 1, 1, 1, 1, 0, 0)"
0.7694815582854189,"(1, 1, 1, 0, 1, 1, 1, 1, 0, 1)"
0.744851894263236,"(1, 1, 1, 0, 1, 1, 1, 1, 1, 0)"
0.8182472594190972,"(1, 1, 1, 0, 1, 1, 1, 1, 1, 1)"
0.467299097712624,"(1, 1, 1, 1, 0, 0, 0, 0, 0, 0)"
0.29386808750157256,"(1, 1, 1, 1, 0, 0, 0, 0, 0, 1)"
0.6929989903744899,"(1, 1, 1, 1, 0, 0, 0, 0, 1, 0)"
0.5290122290387587,"(1, 1, 1, 1, 0, 0, 0, 0, 1, 1)"
0.6553024901327658,"(1, 1, 1, 1, 0, 0, 0, 1, 0, 0)"
0.5178923922457781,"(1, 1, 1, 1, 0, 0, 0, 1, 0, 1)"
0.6628575671053899,"(1, 1, 1, 1, 0, 0, 0, 1, 1, 0)"
0.3174887981331599,"(1, 1, 1, 1, 0, 0, 0, 1, 1, 1)"
0.7625134493552184,"(1, 1, 1, 1, 0, 0, 1, 0, 0, 0)"
0.47575022497298247,"(1, 1, 1, 1, 0, 0, 1, 0, 0, 1)"
0.794906021938312,"(1, 1, 1, 1, 0, 0, 1, 0, 1, 0)"
0.7820810521689152,"(1, 1, 1, 1, 0, 0, 1, 0, 1, 1)"
0.6714644672687818,"(1, 1, 1, 1, 0, 0, 1, 1, 0, 0)"
0.7255308090647687,"(1, 1, 1, 1, 0, 0, 1, 1, 0, 1)"
0.7824322311928227,"(1, 1, 1, 1, 0, 0, 1, 1, 1, 0)"
0.5595460414299345,"(1, 1, 1, 1, 0, 0, 1, 1, 1, 1)"
0.6684182980622301,"(1, 1, 1, 1, 0, 1, 0, 0, 0, 0)"
0.6407484877950725,"(1, 1, 1, 1, 0, 1, 0, 0, 0, 1)"
0.6818387446456384,"(1, 1, 1, 1, 0, 1, 0, 0, 1, 0)"
0.9107260200597347,"(1, 1, 1, 1, 0, 1, 0, 0, 1, 1)"
0.6183295989811266,"(1, 1, 1, 1, 0, 1, 0, 1, 0, 0)"
0.7042949425756541,"(1, 1, 1, 1, 0, 1, 0, 1, 0, 1)"
0.7697560185950283,"(1, 1, 1, 1, 0, 1, 0, 1, 1, 0)"
0.5157224136370935,"(1, 1, 1, 1, 0, 1, 0, 1, 1, 1)"
0.5116634078635673,"(1, 1, 1, 1, 0, 1, 1, 0, 0, 0)"
0.7787778400100455,"(1, 1, 1, 1, 0, 1, 1, 0, 0, 1)"
0.5332116174874065,"(1, 1, 1, 1, 0, 1, 1, 0, 1, 0)"
0.8838412848668075,"(1, 1, 1, 1, 0, 1, 1, 0, 1, 1)"
0.8869016043890123,"(1, 1, 1, 1, 0, 1, 1, 1, 0, 0)"
0.6835091930307331,"(1, 1, 1, 1, 0, 1, 1, 1, 0, 1)"
0.6219646598667474,"(1, 1, 1, 1, 0, 1, 1, 1, 1, 0)"
0.9516954263918547,"(1, 1, 1, 1, 0, 1, 1, 1, 1, 1)"
0.6333125808969896,"(1, 1, 1, 1, 1, 0, 0, 0, 0, 0)"
0.8272235318042768,"(1, 1, 1, 1, 1, 0, 0, 0, 0, 1)"
0.5013380426964595,"(1, 1, 1, 1, 1, 0, 0, 0, 1, 0)"
0.7005803785518722,"(1, 1, 1, 1, 1, 0, 0, 0, 1, 1)"
0.6798433546759137,"(1, 1, 1, 1, 1, 0, 0, 1, 0, 0)"
0.7075559834624874,"(1, 1, 1, 1, 1, 0, 0, 1, 0, 1)"
0.723387023067821,"(1, 1, 1, 1, 1, 0, 0, 1, 1, 0)"
0.7644380064323517,"(1, 1, 1, 1, 1, 0, 0, 1, 1, 1)"
0.36471915234819524,"(1, 1, 1, 1, 1, 0, 1, 0, 0, 0)"
0.632011955066971,"(1, 1, 1, 1, 1, 0, 1, 0, 0, 1)"
0.69817301945224,"(1, 1, 1, 1, 1, 0, 1, 0, 1, 0)"
0.8744063592000442,"(1, 1, 1, 1, 1, 0, 1, 0, 1, 1)"
0.760426696521912,"(1, 1, 1, 1, 1, 0, 1, 1, 0, 0)"
0.8586708517398819,"(1, 1, 1, 1, 1, 0, 1, 1, 0, 1)"
0.8013547066254664,"(1, 1, 1, 1, 1, 0, 1, 1, 1, 0)"
0.9659595315438374,"(1, 1, 1, 1, 1, 0, 1, 1, 1, 1)"
0.5795446948574983,"(1, 1, 1, 1, 1, 1, 0, 0, 0, 0)"
0.7855243867860966,"(1, 1, 1, 1, 1, 1, 0, 0, 0, 1)"
0.6244569044108883,"(1, 1, 1, 1, 1, 1, 0, 0, 1, 0)"
0.9088718897573533,"(1, 1, 1, 1, 1, 1, 0, 0, 1, 1)"
0.8654963852417349,"(1, 1, 1, 1, 1, 1, 0, 1, 0, 0)"
0.47102416551603765,"(1, 1, 1, 1, 1, 1, 0, 1, 0, 1)"
0.5234431752942494,"(1, 1, 1, 1, 1, 1, 0, 1, 1, 0)"
0.908126762655074,"(1, 1, 1, 1, 1, 1, 0, 1, 1, 1)"
0.6485383898725403,"(1, 1, 1, 1, 1, 1, 1, 0, 0, 0)"
0.8377233334547457,"(1, 1, 1, 1, 1, 1, 1, 0, 0, 1)"
0.8550758471567949,"(1, 1, 1, 1, 1, 1, 1, 0, 1, 0)"
0.9953115585932917,"(1, 1, 1, 1, 1, 1, 1, 0, 1, 1)"
0.6841353811959962,"(1, 1, 1, 1, 1, 1, 1, 1, 0, 0)"
0.6696826720320935,"(1, 1, 1, 1, 1, 1, 1, 1, 0, 1)"
0.9939277444139445,"(1, 1, 1, 1, 1, 1, 1, 1, 1, 0)"
0.9999999999999998,"(1, 1, 1, 1, 1, 1, 1, 1, 1, 1)"
