,Fitness,Location,Maxima
0000000000,0.0,"(0, 0, 0, 0, 0, 0, 0, 0, 0, 0)",0
0000000001,0.13682745677224994,"(0, 0, 0, 0, 0, 0, 0, 0, 0, 1)",0
0000000010,0.056268536421143864,"(0, 0, 0, 0, 0, 0, 0, 0, 1, 0)",0
0000000011,0.27219082225260904,"(0, 0, 0, 0, 0, 0, 0, 0, 1, 1)",0
0000000100,0.07357972795740252,"(0, 0, 0, 0, 0, 0, 0, 1, 0, 0)",0
0000000101,0.17934780331382347,"(0, 0, 0, 0, 0, 0, 0, 1, 0, 1)",0
0000000110,0.20829259100593298,"(0, 0, 0, 0, 0, 0, 0, 1, 1, 0)",0
0000000111,0.24056976048205933,"(0, 0, 0, 0, 0, 0, 0, 1, 1, 1)",0
0000001000,0.12911656054159043,"(0, 0, 0, 0, 0, 0, 1, 0, 0, 0)",0
0000001001,0.22716452128120612,"(0, 0, 0, 0, 0, 0, 1, 0, 0, 1)",0
0000001010,0.1743299851543098,"(0, 0, 0, 0, 0, 0, 1, 0, 1, 0)",0
0000001011,0.2907006106376236,"(0, 0, 0, 0, 0, 0, 1, 0, 1, 1)",0
0000001100,0.11764880356698504,"(0, 0, 0, 0, 0, 0, 1, 1, 0, 0)",0
0000001101,0.3688373900462377,"(0, 0, 0, 0, 0, 0, 1, 1, 0, 1)",0
0000001110,0.28931769701758137,"(0, 0, 0, 0, 0, 0, 1, 1, 1, 0)",0
0000001111,0.3799994368461804,"(0, 0, 0, 0, 0, 0, 1, 1, 1, 1)",0
0000010000,0.10157298773476965,"(0, 0, 0, 0, 0, 1, 0, 0, 0, 0)",0
0000010001,0.23329237672937225,"(0, 0, 0, 0, 0, 1, 0, 0, 0, 1)",0
0000010010,0.16817673760262766,"(0, 0, 0, 0, 0, 1, 0, 0, 1, 0)",0
0000010011,0.3141476984287541,"(0, 0, 0, 0, 0, 1, 0, 0, 1, 1)",0
0000010100,0.24628621540660645,"(0, 0, 0, 0, 0, 1, 0, 1, 0, 0)",0
0000010101,0.2675232576053397,"(0, 0, 0, 0, 0, 1, 0, 1, 0, 1)",0
0000010110,0.3644224737174114,"(0, 0, 0, 0, 0, 1, 0, 1, 1, 0)",0
0000010111,0.48675055679805007,"(0, 0, 0, 0, 0, 1, 0, 1, 1, 1)",0
0000011000,0.19996752844616542,"(0, 0, 0, 0, 0, 1, 1, 0, 0, 0)",0
0000011001,0.3520728901405737,"(0, 0, 0, 0, 0, 1, 1, 0, 0, 1)",0
0000011010,0.41345172685880616,"(0, 0, 0, 0, 0, 1, 1, 0, 1, 0)",0
0000011011,0.3862723218152156,"(0, 0, 0, 0, 0, 1, 1, 0, 1, 1)",0
0000011100,0.3590750002224872,"(0, 0, 0, 0, 0, 1, 1, 1, 0, 0)",0
0000011101,0.45697977717579197,"(0, 0, 0, 0, 0, 1, 1, 1, 0, 1)",0
0000011110,0.41239810220263784,"(0, 0, 0, 0, 0, 1, 1, 1, 1, 0)",0
0000011111,0.5339568135751643,"(0, 0, 0, 0, 0, 1, 1, 1, 1, 1)",0
0000100000,0.12048400201948099,"(0, 0, 0, 0, 1, 0, 0, 0, 0, 0)",0
0000100001,0.1627396091431999,"(0, 0, 0, 0, 1, 0, 0, 0, 0, 1)",0
0000100010,0.2551411392271586,"(0, 0, 0, 0, 1, 0, 0, 0, 1, 0)",0
0000100011,0.32547361564655924,"(0, 0, 0, 0, 1, 0, 0, 0, 1, 1)",0
0000100100,0.14672228156270806,"(0, 0, 0, 0, 1, 0, 0, 1, 0, 0)",0
0000100101,0.24493026217992392,"(0, 0, 0, 0, 1, 0, 0, 1, 0, 1)",0
0000100110,0.24381418484310574,"(0, 0, 0, 0, 1, 0, 0, 1, 1, 0)",0
0000100111,0.4300947894496402,"(0, 0, 0, 0, 1, 0, 0, 1, 1, 1)",0
0000101000,0.14382416549468915,"(0, 0, 0, 0, 1, 0, 1, 0, 0, 0)",0
0000101001,0.248174764320653,"(0, 0, 0, 0, 1, 0, 1, 0, 0, 1)",0
0000101010,0.3218738364803774,"(0, 0, 0, 0, 1, 0, 1, 0, 1, 0)",0
0000101011,0.3848184229468518,"(0, 0, 0, 0, 1, 0, 1, 0, 1, 1)",0
0000101100,0.3166444137883243,"(0, 0, 0, 0, 1, 0, 1, 1, 0, 0)",0
0000101101,0.3610650528516355,"(0, 0, 0, 0, 1, 0, 1, 1, 0, 1)",0
0000101110,0.5015448417170641,"(0, 0, 0, 0, 1, 0, 1, 1, 1, 0)",0
0000101111,0.4791767162618609,"(0, 0, 0, 0, 1, 0, 1, 1, 1, 1)",0
0000110000,0.18495971348167156,"(0, 0, 0, 0, 1, 1, 0, 0, 0, 0)",0
0000110001,0.2759369494191264,"(0, 0, 0, 0, 1, 1, 0, 0, 0, 1)",0
0000110010,0.2964232553131503,"(0, 0, 0, 0, 1, 1, 0, 0, 1, 0)",0
0000110011,0.518356592787739,"(0, 0, 0, 0, 1, 1, 0, 0, 1, 1)",1
0000110100,0.33103276919345614,"(0, 0, 0, 0, 1, 1, 0, 1, 0, 0)",0
0000110101,0.4300924087751106,"(0, 0, 0, 0, 1, 1, 0, 1, 0, 1)",0
0000110110,0.40034952809550656,"(0, 0, 0, 0, 1, 1, 0, 1, 1, 0)",0
0000110111,0.46495601616380455,"(0, 0, 0, 0, 1, 1, 0, 1, 1, 1)",0
0000111000,0.28275729735811944,"(0, 0, 0, 0, 1, 1, 1, 0, 0, 0)",0
0000111001,0.44948140180275004,"(0, 0, 0, 0, 1, 1, 1, 0, 0, 1)",0
0000111010,0.35694662064403415,"(0, 0, 0, 0, 1, 1, 1, 0, 1, 0)",0
0000111011,0.4524472746707148,"(0, 0, 0, 0, 1, 1, 1, 0, 1, 1)",0
0000111100,0.3992406362143932,"(0, 0, 0, 0, 1, 1, 1, 1, 0, 0)",0
0000111101,0.49329144697101324,"(0, 0, 0, 0, 1, 1, 1, 1, 0, 1)",0
0000111110,0.4855306749217714,"(0, 0, 0, 0, 1, 1, 1, 1, 1, 0)",0
0000111111,0.6381435657676469,"(0, 0, 0, 0, 1, 1, 1, 1, 1, 1)",0
0001000000,0.11305946677697404,"(0, 0, 0, 1, 0, 0, 0, 0, 0, 0)",0
0001000001,0.25428585692587624,"(0, 0, 0, 1, 0, 0, 0, 0, 0, 1)",0
0001000010,0.1852586323825391,"(0, 0, 0, 1, 0, 0, 0, 0, 1, 0)",0
0001000011,0.22861973900761967,"(0, 0, 0, 1, 0, 0, 0, 0, 1, 1)",0
0001000100,0.1623970755181351,"(0, 0, 0, 1, 0, 0, 0, 1, 0, 0)",0
0001000101,0.3735226600631503,"(0, 0, 0, 1, 0, 0, 0, 1, 0, 1)",0
0001000110,0.2044368972768431,"(0, 0, 0, 1, 0, 0, 0, 1, 1, 0)",0
0001000111,0.3942529141908362,"(0, 0, 0, 1, 0, 0, 0, 1, 1, 1)",0
0001001000,0.11227192143140749,"(0, 0, 0, 1, 0, 0, 1, 0, 0, 0)",0
0001001001,0.254515400939098,"(0, 0, 0, 1, 0, 0, 1, 0, 0, 1)",0
0001001010,0.2740903496124176,"(0, 0, 0, 1, 0, 0, 1, 0, 1, 0)",0
0001001011,0.36896229763607463,"(0, 0, 0, 1, 0, 0, 1, 0, 1, 1)",0
0001001100,0.35684549504009794,"(0, 0, 0, 1, 0, 0, 1, 1, 0, 0)",0
0001001101,0.31960536340246387,"(0, 0, 0, 1, 0, 0, 1, 1, 0, 1)",0
0001001110,0.359857255896633,"(0, 0, 0, 1, 0, 0, 1, 1, 1, 0)",0
0001001111,0.49307019572753713,"(0, 0, 0, 1, 0, 0, 1, 1, 1, 1)",0
0001010000,0.23980594220419033,"(0, 0, 0, 1, 0, 1, 0, 0, 0, 0)",0
0001010001,0.27510704612281156,"(0, 0, 0, 1, 0, 1, 0, 0, 0, 1)",0
0001010010,0.28985596446384515,"(0, 0, 0, 1, 0, 1, 0, 0, 1, 0)",0
0001010011,0.42471580364586325,"(0, 0, 0, 1, 0, 1, 0, 0, 1, 1)",0
0001010100,0.30210229151736356,"(0, 0, 0, 1, 0, 1, 0, 1, 0, 0)",0
0001010101,0.5258513314672086,"(0, 0, 0, 1, 0, 1, 0, 1, 0, 1)",1
0001010110,0.5056931879777284,"(0, 0, 0, 1, 0, 1, 0, 1, 1, 0)",0
0001010111,0.48719999805503605,"(0, 0, 0, 1, 0, 1, 0, 1, 1, 1)",0
0001011000,0.29567623428376605,"(0, 0, 0, 1, 0, 1, 1, 0, 0, 0)",0
0001011001,0.4297389757087002,"(0, 0, 0, 1, 0, 1, 1, 0, 0, 1)",0
0001011010,0.35742801584681094,"(0, 0, 0, 1, 0, 1, 1, 0, 1, 0)",0
0001011011,0.49233613930579556,"(0, 0, 0, 1, 0, 1, 1, 0, 1, 1)",0
0001011100,0.4137008398342553,"(0, 0, 0, 1, 0, 1, 1, 1, 0, 0)",0
0001011101,0.4594801570127045,"(0, 0, 0, 1, 0, 1, 1, 1, 0, 1)",0
0001011110,0.5075510468748008,"(0, 0, 0, 1, 0, 1, 1, 1, 1, 0)",0
0001011111,0.6086832443885923,"(0, 0, 0, 1, 0, 1, 1, 1, 1, 1)",0
0001100000,0.19565171500613032,"(0, 0, 0, 1, 1, 0, 0, 0, 0, 0)",0
0001100001,0.32817794083077806,"(0, 0, 0, 1, 1, 0, 0, 0, 0, 1)",0
0001100010,0.28617990375953584,"(0, 0, 0, 1, 1, 0, 0, 0, 1, 0)",0
0001100011,0.3456875024697717,"(0, 0, 0, 1, 1, 0, 0, 0, 1, 1)",0
0001100100,0.20904327925460867,"(0, 0, 0, 1, 1, 0, 0, 1, 0, 0)",0
0001100101,0.5511059499783432,"(0, 0, 0, 1, 1, 0, 0, 1, 0, 1)",0
0001100110,0.37290858962264084,"(0, 0, 0, 1, 1, 0, 0, 1, 1, 0)",0
0001100111,0.40950190367175854,"(0, 0, 0, 1, 1, 0, 0, 1, 1, 1)",0
0001101000,0.33693121448423513,"(0, 0, 0, 1, 1, 0, 1, 0, 0, 0)",0
0001101001,0.43440903804563585,"(0, 0, 0, 1, 1, 0, 1, 0, 0, 1)",0
0001101010,0.4358649575405843,"(0, 0, 0, 1, 1, 0, 1, 0, 1, 0)",0
0001101011,0.5189951309034624,"(0, 0, 0, 1, 1, 0, 1, 0, 1, 1)",0
0001101100,0.3513096356090323,"(0, 0, 0, 1, 1, 0, 1, 1, 0, 0)",0
0001101101,0.5344008217384213,"(0, 0, 0, 1, 1, 0, 1, 1, 0, 1)",0
0001101110,0.5748828934723165,"(0, 0, 0, 1, 1, 0, 1, 1, 1, 0)",0
0001101111,0.6610942006095711,"(0, 0, 0, 1, 1, 0, 1, 1, 1, 1)",0
0001110000,0.33605438854863234,"(0, 0, 0, 1, 1, 1, 0, 0, 0, 0)",0
0001110001,0.4437923658439097,"(0, 0, 0, 1, 1, 1, 0, 0, 0, 1)",0
0001110010,0.4477796985720655,"(0, 0, 0, 1, 1, 1, 0, 0, 1, 0)",0
0001110011,0.4766394330829619,"(0, 0, 0, 1, 1, 1, 0, 0, 1, 1)",0
0001110100,0.35184656246190643,"(0, 0, 0, 1, 1, 1, 0, 1, 0, 0)",0
0001110101,0.5241328175146005,"(0, 0, 0, 1, 1, 1, 0, 1, 0, 1)",0
0001110110,0.45584701447557807,"(0, 0, 0, 1, 1, 1, 0, 1, 1, 0)",0
0001110111,0.5896605592050204,"(0, 0, 0, 1, 1, 1, 0, 1, 1, 1)",0
0001111000,0.27283071624979666,"(0, 0, 0, 1, 1, 1, 1, 0, 0, 0)",0
0001111001,0.43610520168533246,"(0, 0, 0, 1, 1, 1, 1, 0, 0, 1)",0
0001111010,0.5606533011425199,"(0, 0, 0, 1, 1, 1, 1, 0, 1, 0)",0
0001111011,0.6088448495785318,"(0, 0, 0, 1, 1, 1, 1, 0, 1, 1)",0
0001111100,0.5107576705377443,"(0, 0, 0, 1, 1, 1, 1, 1, 0, 0)",0
0001111101,0.5837471607144279,"(0, 0, 0, 1, 1, 1, 1, 1, 0, 1)",0
0001111110,0.6315664311293749,"(0, 0, 0, 1, 1, 1, 1, 1, 1, 0)",0
0001111111,0.8261980253393567,"(0, 0, 0, 1, 1, 1, 1, 1, 1, 1)",1
0010000000,0.09120783105438283,"(0, 0, 1, 0, 0, 0, 0, 0, 0, 0)",0
0010000001,0.14665180438738767,"(0, 0, 1, 0, 0, 0, 0, 0, 0, 1)",0
0010000010,0.16668435013473354,"(0, 0, 1, 0, 0, 0, 0, 0, 1, 0)",0
0010000011,0.2608549836195827,"(0, 0, 1, 0, 0, 0, 0, 0, 1, 1)",0
0010000100,0.16554750192903808,"(0, 0, 1, 0, 0, 0, 0, 1, 0, 0)",0
0010000101,0.2621163702679064,"(0, 0, 1, 0, 0, 0, 0, 1, 0, 1)",0
0010000110,0.20459281739220392,"(0, 0, 1, 0, 0, 0, 0, 1, 1, 0)",0
0010000111,0.4366157747164555,"(0, 0, 1, 0, 0, 0, 0, 1, 1, 1)",0
0010001000,0.20894322130174114,"(0, 0, 1, 0, 0, 0, 1, 0, 0, 0)",0
0010001001,0.2855363431837786,"(0, 0, 1, 0, 0, 0, 1, 0, 0, 1)",0
0010001010,0.3066353891579035,"(0, 0, 1, 0, 0, 0, 1, 0, 1, 0)",0
0010001011,0.38311545412421366,"(0, 0, 1, 0, 0, 0, 1, 0, 1, 1)",0
0010001100,0.31455537554640084,"(0, 0, 1, 0, 0, 0, 1, 1, 0, 0)",0
0010001101,0.34382577486844823,"(0, 0, 1, 0, 0, 0, 1, 1, 0, 1)",0
0010001110,0.472329195916045,"(0, 0, 1, 0, 0, 0, 1, 1, 1, 0)",0
0010001111,0.43366577081732677,"(0, 0, 1, 0, 0, 0, 1, 1, 1, 1)",0
0010010000,0.2418438121590734,"(0, 0, 1, 0, 0, 1, 0, 0, 0, 0)",0
0010010001,0.30996397819281596,"(0, 0, 1, 0, 0, 1, 0, 0, 0, 1)",0
0010010010,0.3482327349561972,"(0, 0, 1, 0, 0, 1, 0, 0, 1, 0)",0
0010010011,0.439036210194364,"(0, 0, 1, 0, 0, 1, 0, 0, 1, 1)",0
0010010100,0.30354235775298766,"(0, 0, 1, 0, 0, 1, 0, 1, 0, 0)",0
0010010101,0.3176181331168074,"(0, 0, 1, 0, 0, 1, 0, 1, 0, 1)",0
0010010110,0.2872019905013217,"(0, 0, 1, 0, 0, 1, 0, 1, 1, 0)",0
0010010111,0.5237021677552408,"(0, 0, 1, 0, 0, 1, 0, 1, 1, 1)",0
0010011000,0.271875386849867,"(0, 0, 1, 0, 0, 1, 1, 0, 0, 0)",0
0010011001,0.38998691016886805,"(0, 0, 1, 0, 0, 1, 1, 0, 0, 1)",0
0010011010,0.47173743159640613,"(0, 0, 1, 0, 0, 1, 1, 0, 1, 0)",0
0010011011,0.46809432627226993,"(0, 0, 1, 0, 0, 1, 1, 0, 1, 1)",0
0010011100,0.43030715646664164,"(0, 0, 1, 0, 0, 1, 1, 1, 0, 0)",0
0010011101,0.49611739595666987,"(0, 0, 1, 0, 0, 1, 1, 1, 0, 1)",0
0010011110,0.5722977909700296,"(0, 0, 1, 0, 0, 1, 1, 1, 1, 0)",0
0010011111,0.5542660687502307,"(0, 0, 1, 0, 0, 1, 1, 1, 1, 1)",0
0010100000,0.13111538572204157,"(0, 0, 1, 0, 1, 0, 0, 0, 0, 0)",0
0010100001,0.3713980842381879,"(0, 0, 1, 0, 1, 0, 0, 0, 0, 1)",0
0010100010,0.22596293588875394,"(0, 0, 1, 0, 1, 0, 0, 0, 1, 0)",0
0010100011,0.3115284150514238,"(0, 0, 1, 0, 1, 0, 0, 0, 1, 1)",0
0010100100,0.2485471121347681,"(0, 0, 1, 0, 1, 0, 0, 1, 0, 0)",0
0010100101,0.3613722807570015,"(0, 0, 1, 0, 1, 0, 0, 1, 0, 1)",0
0010100110,0.38684567948453663,"(0, 0, 1, 0, 1, 0, 0, 1, 1, 0)",0
0010100111,0.498366029036759,"(0, 0, 1, 0, 1, 0, 0, 1, 1, 1)",0
0010101000,0.17851642960285763,"(0, 0, 1, 0, 1, 0, 1, 0, 0, 0)",0
0010101001,0.5039576944150128,"(0, 0, 1, 0, 1, 0, 1, 0, 0, 1)",0
0010101010,0.4002350952224083,"(0, 0, 1, 0, 1, 0, 1, 0, 1, 0)",0
0010101011,0.44935938162554045,"(0, 0, 1, 0, 1, 0, 1, 0, 1, 1)",0
0010101100,0.3764942396334676,"(0, 0, 1, 0, 1, 0, 1, 1, 0, 0)",0
0010101101,0.5367326101598251,"(0, 0, 1, 0, 1, 0, 1, 1, 0, 1)",0
0010101110,0.538836778871007,"(0, 0, 1, 0, 1, 0, 1, 1, 1, 0)",0
0010101111,0.6462304821888557,"(0, 0, 1, 0, 1, 0, 1, 1, 1, 1)",0
0010110000,0.33074909654646667,"(0, 0, 1, 0, 1, 1, 0, 0, 0, 0)",0
0010110001,0.3746841918668184,"(0, 0, 1, 0, 1, 1, 0, 0, 0, 1)",0
0010110010,0.42692572361054837,"(0, 0, 1, 0, 1, 1, 0, 0, 1, 0)",0
0010110011,0.4891894672855633,"(0, 0, 1, 0, 1, 1, 0, 0, 1, 1)",0
0010110100,0.39349051697629495,"(0, 0, 1, 0, 1, 1, 0, 1, 0, 0)",0
0010110101,0.45291152813911584,"(0, 0, 1, 0, 1, 1, 0, 1, 0, 1)",0
0010110110,0.4885737394797827,"(0, 0, 1, 0, 1, 1, 0, 1, 1, 0)",0
0010110111,0.6177910699813245,"(0, 0, 1, 0, 1, 1, 0, 1, 1, 1)",0
0010111000,0.4597590831468542,"(0, 0, 1, 0, 1, 1, 1, 0, 0, 0)",0
0010111001,0.5154251093858361,"(0, 0, 1, 0, 1, 1, 1, 0, 0, 1)",0
0010111010,0.48013815963027384,"(0, 0, 1, 0, 1, 1, 1, 0, 1, 0)",0
0010111011,0.6352085961165982,"(0, 0, 1, 0, 1, 1, 1, 0, 1, 1)",0
0010111100,0.4830787860103382,"(0, 0, 1, 0, 1, 1, 1, 1, 0, 0)",0
0010111101,0.5511721974546621,"(0, 0, 1, 0, 1, 1, 1, 1, 0, 1)",0
0010111110,0.6194513910611633,"(0, 0, 1, 0, 1, 1, 1, 1, 1, 0)",0
0010111111,0.7421053089518559,"(0, 0, 1, 0, 1, 1, 1, 1, 1, 1)",0
0011000000,0.2260697416965977,"(0, 0, 1, 1, 0, 0, 0, 0, 0, 0)",0
0011000001,0.28469364133657826,"(0, 0, 1, 1, 0, 0, 0, 0, 0, 1)",0
0011000010,0.35939897037183377,"(0, 0, 1, 1, 0, 0, 0, 0, 1, 0)",0
0011000011,0.48937464180961576,"(0, 0, 1, 1, 0, 0, 0, 0, 1, 1)",0
0011000100,0.23442745980795732,"(0, 0, 1, 1, 0, 0, 0, 1, 0, 0)",0
0011000101,0.3446113601353503,"(0, 0, 1, 1, 0, 0, 0, 1, 0, 1)",0
0011000110,0.42580850888227917,"(0, 0, 1, 1, 0, 0, 0, 1, 1, 0)",0
0011000111,0.49743517700636947,"(0, 0, 1, 1, 0, 0, 0, 1, 1, 1)",0
0011001000,0.2284154190545425,"(0, 0, 1, 1, 0, 0, 1, 0, 0, 0)",0
0011001001,0.4069969207701157,"(0, 0, 1, 1, 0, 0, 1, 0, 0, 1)",0
0011001010,0.3897544001302681,"(0, 0, 1, 1, 0, 0, 1, 0, 1, 0)",0
0011001011,0.5814415154008229,"(0, 0, 1, 1, 0, 0, 1, 0, 1, 1)",0
0011001100,0.4823429401798001,"(0, 0, 1, 1, 0, 0, 1, 1, 0, 0)",0
0011001101,0.5653483723998988,"(0, 0, 1, 1, 0, 0, 1, 1, 0, 1)",0
0011001110,0.3704584773424884,"(0, 0, 1, 1, 0, 0, 1, 1, 1, 0)",0
0011001111,0.5580159681550368,"(0, 0, 1, 1, 0, 0, 1, 1, 1, 1)",0
0011010000,0.27658134387786637,"(0, 0, 1, 1, 0, 1, 0, 0, 0, 0)",0
0011010001,0.47888234017575415,"(0, 0, 1, 1, 0, 1, 0, 0, 0, 1)",0
0011010010,0.36682915527537974,"(0, 0, 1, 1, 0, 1, 0, 0, 1, 0)",0
0011010011,0.549157249045089,"(0, 0, 1, 1, 0, 1, 0, 0, 1, 1)",0
0011010100,0.5035173579861709,"(0, 0, 1, 1, 0, 1, 0, 1, 0, 0)",0
0011010101,0.44130857056901185,"(0, 0, 1, 1, 0, 1, 0, 1, 0, 1)",0
0011010110,0.48900022808108784,"(0, 0, 1, 1, 0, 1, 0, 1, 1, 0)",0
0011010111,0.6739064429847995,"(0, 0, 1, 1, 0, 1, 0, 1, 1, 1)",0
0011011000,0.3535530466262928,"(0, 0, 1, 1, 0, 1, 1, 0, 0, 0)",0
0011011001,0.4685277480233969,"(0, 0, 1, 1, 0, 1, 1, 0, 0, 1)",0
0011011010,0.5333547939837416,"(0, 0, 1, 1, 0, 1, 1, 0, 1, 0)",0
0011011011,0.7483111304503107,"(0, 0, 1, 1, 0, 1, 1, 0, 1, 1)",0
0011011100,0.5895004906154907,"(0, 0, 1, 1, 0, 1, 1, 1, 0, 0)",0
0011011101,0.6665467103374518,"(0, 0, 1, 1, 0, 1, 1, 1, 0, 1)",0
0011011110,0.62167439187103,"(0, 0, 1, 1, 0, 1, 1, 1, 1, 0)",0
0011011111,0.766034305975108,"(0, 0, 1, 1, 0, 1, 1, 1, 1, 1)",0
0011100000,0.2656755785126677,"(0, 0, 1, 1, 1, 0, 0, 0, 0, 0)",0
0011100001,0.4253660731796397,"(0, 0, 1, 1, 1, 0, 0, 0, 0, 1)",0
0011100010,0.3325977535443544,"(0, 0, 1, 1, 1, 0, 0, 0, 1, 0)",0
0011100011,0.521415969429724,"(0, 0, 1, 1, 1, 0, 0, 0, 1, 1)",0
0011100100,0.3627069938100146,"(0, 0, 1, 1, 1, 0, 0, 1, 0, 0)",0
0011100101,0.5604906007761741,"(0, 0, 1, 1, 1, 0, 0, 1, 0, 1)",0
0011100110,0.47274201246158665,"(0, 0, 1, 1, 1, 0, 0, 1, 1, 0)",0
0011100111,0.6075152938989743,"(0, 0, 1, 1, 1, 0, 0, 1, 1, 1)",0
0011101000,0.3953826285825838,"(0, 0, 1, 1, 1, 0, 1, 0, 0, 0)",0
0011101001,0.4938337569060768,"(0, 0, 1, 1, 1, 0, 1, 0, 0, 1)",0
0011101010,0.4731483118119638,"(0, 0, 1, 1, 1, 0, 1, 0, 1, 0)",0
0011101011,0.6325360481137973,"(0, 0, 1, 1, 1, 0, 1, 0, 1, 1)",0
0011101100,0.5167966650893219,"(0, 0, 1, 1, 1, 0, 1, 1, 0, 0)",0
0011101101,0.6250793955759293,"(0, 0, 1, 1, 1, 0, 1, 1, 0, 1)",0
0011101110,0.5972833312913677,"(0, 0, 1, 1, 1, 0, 1, 1, 1, 0)",0
0011101111,0.6417126742151527,"(0, 0, 1, 1, 1, 0, 1, 1, 1, 1)",0
0011110000,0.5127193355333127,"(0, 0, 1, 1, 1, 1, 0, 0, 0, 0)",0
0011110001,0.5085885145708317,"(0, 0, 1, 1, 1, 1, 0, 0, 0, 1)",0
0011110010,0.5217196287242831,"(0, 0, 1, 1, 1, 1, 0, 0, 1, 0)",0
0011110011,0.6186291384349248,"(0, 0, 1, 1, 1, 1, 0, 0, 1, 1)",0
0011110100,0.5840463149446691,"(0, 0, 1, 1, 1, 1, 0, 1, 0, 0)",0
0011110101,0.6649841152661674,"(0, 0, 1, 1, 1, 1, 0, 1, 0, 1)",0
0011110110,0.624093517268833,"(0, 0, 1, 1, 1, 1, 0, 1, 1, 0)",0
0011110111,0.7245086623683471,"(0, 0, 1, 1, 1, 1, 0, 1, 1, 1)",0
0011111000,0.5077510218384378,"(0, 0, 1, 1, 1, 1, 1, 0, 0, 0)",0
0011111001,0.5218101188278749,"(0, 0, 1, 1, 1, 1, 1, 0, 0, 1)",0
0011111010,0.6298583255641609,"(0, 0, 1, 1, 1, 1, 1, 0, 1, 0)",0
0011111011,0.6059897589877064,"(0, 0, 1, 1, 1, 1, 1, 0, 1, 1)",0
0011111100,0.5020556427814149,"(0, 0, 1, 1, 1, 1, 1, 1, 0, 0)",0
0011111101,0.7423869847723015,"(0, 0, 1, 1, 1, 1, 1, 1, 0, 1)",0
0011111110,0.6882066865928511,"(0, 0, 1, 1, 1, 1, 1, 1, 1, 0)",0
0011111111,0.7654915482958822,"(0, 0, 1, 1, 1, 1, 1, 1, 1, 1)",0
0100000000,0.08193381810110215,"(0, 1, 0, 0, 0, 0, 0, 0, 0, 0)",0
0100000001,0.2905597907830665,"(0, 1, 0, 0, 0, 0, 0, 0, 0, 1)",0
0100000010,0.17729650367871574,"(0, 1, 0, 0, 0, 0, 0, 0, 1, 0)",0
0100000011,0.2577043749721812,"(0, 1, 0, 0, 0, 0, 0, 0, 1, 1)",0
0100000100,0.1619254551969136,"(0, 1, 0, 0, 0, 0, 0, 1, 0, 0)",0
0100000101,0.24097261956675836,"(0, 1, 0, 0, 0, 0, 0, 1, 0, 1)",0
0100000110,0.2675795672180995,"(0, 1, 0, 0, 0, 0, 0, 1, 1, 0)",0
0100000111,0.4248495626193798,"(0, 1, 0, 0, 0, 0, 0, 1, 1, 1)",0
0100001000,0.28817499974463456,"(0, 1, 0, 0, 0, 0, 1, 0, 0, 0)",0
0100001001,0.23364101389412653,"(0, 1, 0, 0, 0, 0, 1, 0, 0, 1)",0
0100001010,0.34356274276386795,"(0, 1, 0, 0, 0, 0, 1, 0, 1, 0)",0
0100001011,0.4214262688694801,"(0, 1, 0, 0, 0, 0, 1, 0, 1, 1)",0
0100001100,0.23706535690176722,"(0, 1, 0, 0, 0, 0, 1, 1, 0, 0)",0
0100001101,0.40846786959496234,"(0, 1, 0, 0, 0, 0, 1, 1, 0, 1)",0
0100001110,0.45563076183177337,"(0, 1, 0, 0, 0, 0, 1, 1, 1, 0)",0
0100001111,0.5160625464494537,"(0, 1, 0, 0, 0, 0, 1, 1, 1, 1)",0
0100010000,0.1759957400243067,"(0, 1, 0, 0, 0, 1, 0, 0, 0, 0)",0
0100010001,0.3120495166367387,"(0, 1, 0, 0, 0, 1, 0, 0, 0, 1)",0
0100010010,0.3459504239910578,"(0, 1, 0, 0, 0, 1, 0, 0, 1, 0)",0
0100010011,0.4428422532963222,"(0, 1, 0, 0, 0, 1, 0, 0, 1, 1)",0
0100010100,0.32460464806981193,"(0, 1, 0, 0, 0, 1, 0, 1, 0, 0)",0
0100010101,0.4210478609867399,"(0, 1, 0, 0, 0, 1, 0, 1, 0, 1)",0
0100010110,0.38894282253633583,"(0, 1, 0, 0, 0, 1, 0, 1, 1, 0)",0
0100010111,0.4120021505839392,"(0, 1, 0, 0, 0, 1, 0, 1, 1, 1)",0
0100011000,0.3148990064721619,"(0, 1, 0, 0, 0, 1, 1, 0, 0, 0)",0
0100011001,0.36886085034094135,"(0, 1, 0, 0, 0, 1, 1, 0, 0, 1)",0
0100011010,0.39347571263719594,"(0, 1, 0, 0, 0, 1, 1, 0, 1, 0)",0
0100011011,0.532337225323883,"(0, 1, 0, 0, 0, 1, 1, 0, 1, 1)",0
0100011100,0.3865862372359291,"(0, 1, 0, 0, 0, 1, 1, 1, 0, 0)",0
0100011101,0.4333393752811601,"(0, 1, 0, 0, 0, 1, 1, 1, 0, 1)",0
0100011110,0.54502139415187,"(0, 1, 0, 0, 0, 1, 1, 1, 1, 0)",0
0100011111,0.6581438264423619,"(0, 1, 0, 0, 0, 1, 1, 1, 1, 1)",0
0100100000,0.18935115785994022,"(0, 1, 0, 0, 1, 0, 0, 0, 0, 0)",0
0100100001,0.32541917900670425,"(0, 1, 0, 0, 1, 0, 0, 0, 0, 1)",0
0100100010,0.2601641038367179,"(0, 1, 0, 0, 1, 0, 0, 0, 1, 0)",0
0100100011,0.4802586970868066,"(0, 1, 0, 0, 1, 0, 0, 0, 1, 1)",0
0100100100,0.35169391159164615,"(0, 1, 0, 0, 1, 0, 0, 1, 0, 0)",0
0100100101,0.35020473802327506,"(0, 1, 0, 0, 1, 0, 0, 1, 0, 1)",0
0100100110,0.44250846405902106,"(0, 1, 0, 0, 1, 0, 0, 1, 1, 0)",0
0100100111,0.5490809445227478,"(0, 1, 0, 0, 1, 0, 0, 1, 1, 1)",0
0100101000,0.30549719416618215,"(0, 1, 0, 0, 1, 0, 1, 0, 0, 0)",0
0100101001,0.4264443113528079,"(0, 1, 0, 0, 1, 0, 1, 0, 0, 1)",0
0100101010,0.3687072663722336,"(0, 1, 0, 0, 1, 0, 1, 0, 1, 0)",0
0100101011,0.556827609524588,"(0, 1, 0, 0, 1, 0, 1, 0, 1, 1)",0
0100101100,0.35770674533483204,"(0, 1, 0, 0, 1, 0, 1, 1, 0, 0)",0
0100101101,0.5043436786068284,"(0, 1, 0, 0, 1, 0, 1, 1, 0, 1)",0
0100101110,0.4902254504892001,"(0, 1, 0, 0, 1, 0, 1, 1, 1, 0)",0
0100101111,0.47689085369824236,"(0, 1, 0, 0, 1, 0, 1, 1, 1, 1)",0
0100110000,0.3496615474074299,"(0, 1, 0, 0, 1, 1, 0, 0, 0, 0)",0
0100110001,0.3931810258286824,"(0, 1, 0, 0, 1, 1, 0, 0, 0, 1)",0
0100110010,0.4214054491084563,"(0, 1, 0, 0, 1, 1, 0, 0, 1, 0)",0
0100110011,0.4386043876433266,"(0, 1, 0, 0, 1, 1, 0, 0, 1, 1)",0
0100110100,0.4255887619343225,"(0, 1, 0, 0, 1, 1, 0, 1, 0, 0)",0
0100110101,0.6049168877527823,"(0, 1, 0, 0, 1, 1, 0, 1, 0, 1)",0
0100110110,0.37078065621182876,"(0, 1, 0, 0, 1, 1, 0, 1, 1, 0)",0
0100110111,0.5960067180399673,"(0, 1, 0, 0, 1, 1, 0, 1, 1, 1)",0
0100111000,0.3757135586732523,"(0, 1, 0, 0, 1, 1, 1, 0, 0, 0)",0
0100111001,0.43567064527377863,"(0, 1, 0, 0, 1, 1, 1, 0, 0, 1)",0
0100111010,0.5202745155330353,"(0, 1, 0, 0, 1, 1, 1, 0, 1, 0)",0
0100111011,0.6575420858782359,"(0, 1, 0, 0, 1, 1, 1, 0, 1, 1)",0
0100111100,0.5511014958432027,"(0, 1, 0, 0, 1, 1, 1, 1, 0, 0)",0
0100111101,0.6140903588130542,"(0, 1, 0, 0, 1, 1, 1, 1, 0, 1)",0
0100111110,0.5356242078723124,"(0, 1, 0, 0, 1, 1, 1, 1, 1, 0)",0
0100111111,0.6640107826229426,"(0, 1, 0, 0, 1, 1, 1, 1, 1, 1)",0
0101000000,0.2137410143846095,"(0, 1, 0, 1, 0, 0, 0, 0, 0, 0)",0
0101000001,0.26026774221637894,"(0, 1, 0, 1, 0, 0, 0, 0, 0, 1)",0
0101000010,0.3635762218974662,"(0, 1, 0, 1, 0, 0, 0, 0, 1, 0)",0
0101000011,0.5220714396713391,"(0, 1, 0, 1, 0, 0, 0, 0, 1, 1)",0
0101000100,0.2739945468735163,"(0, 1, 0, 1, 0, 0, 0, 1, 0, 0)",0
0101000101,0.3737910773498556,"(0, 1, 0, 1, 0, 0, 0, 1, 0, 1)",0
0101000110,0.36750196712480576,"(0, 1, 0, 1, 0, 0, 0, 1, 1, 0)",0
0101000111,0.4476381916583496,"(0, 1, 0, 1, 0, 0, 0, 1, 1, 1)",0
0101001000,0.2524673373527178,"(0, 1, 0, 1, 0, 0, 1, 0, 0, 0)",0
0101001001,0.3633771105832504,"(0, 1, 0, 1, 0, 0, 1, 0, 0, 1)",0
0101001010,0.4184853972903231,"(0, 1, 0, 1, 0, 0, 1, 0, 1, 0)",0
0101001011,0.5713876736064505,"(0, 1, 0, 1, 0, 0, 1, 0, 1, 1)",0
0101001100,0.3513073184141233,"(0, 1, 0, 1, 0, 0, 1, 1, 0, 0)",0
0101001101,0.45648777921702305,"(0, 1, 0, 1, 0, 0, 1, 1, 0, 1)",0
0101001110,0.47948497620865616,"(0, 1, 0, 1, 0, 0, 1, 1, 1, 0)",0
0101001111,0.689967661455612,"(0, 1, 0, 1, 0, 0, 1, 1, 1, 1)",0
0101010000,0.293362177383332,"(0, 1, 0, 1, 0, 1, 0, 0, 0, 0)",0
0101010001,0.4132922739999981,"(0, 1, 0, 1, 0, 1, 0, 0, 0, 1)",0
0101010010,0.32272357916767375,"(0, 1, 0, 1, 0, 1, 0, 0, 1, 0)",0
0101010011,0.4781250342827326,"(0, 1, 0, 1, 0, 1, 0, 0, 1, 1)",0
0101010100,0.36688193081247444,"(0, 1, 0, 1, 0, 1, 0, 1, 0, 0)",0
0101010101,0.504686523815958,"(0, 1, 0, 1, 0, 1, 0, 1, 0, 1)",0
0101010110,0.568189431118746,"(0, 1, 0, 1, 0, 1, 0, 1, 1, 0)",0
0101010111,0.6241776806251481,"(0, 1, 0, 1, 0, 1, 0, 1, 1, 1)",0
0101011000,0.4932594512473477,"(0, 1, 0, 1, 0, 1, 1, 0, 0, 0)",0
0101011001,0.5771773457733397,"(0, 1, 0, 1, 0, 1, 1, 0, 0, 1)",0
0101011010,0.6047699695896458,"(0, 1, 0, 1, 0, 1, 1, 0, 1, 0)",0
0101011011,0.6086364955297355,"(0, 1, 0, 1, 0, 1, 1, 0, 1, 1)",0
0101011100,0.4996958740963848,"(0, 1, 0, 1, 0, 1, 1, 1, 0, 0)",0
0101011101,0.6496563669824686,"(0, 1, 0, 1, 0, 1, 1, 1, 0, 1)",0
0101011110,0.555005897128325,"(0, 1, 0, 1, 0, 1, 1, 1, 1, 0)",0
0101011111,0.731881692121287,"(0, 1, 0, 1, 0, 1, 1, 1, 1, 1)",0
0101100000,0.28784579479888306,"(0, 1, 0, 1, 1, 0, 0, 0, 0, 0)",0
0101100001,0.3591290100353418,"(0, 1, 0, 1, 1, 0, 0, 0, 0, 1)",0
0101100010,0.46889609905477536,"(0, 1, 0, 1, 1, 0, 0, 0, 1, 0)",0
0101100011,0.549758769519052,"(0, 1, 0, 1, 1, 0, 0, 0, 1, 1)",0
0101100100,0.5087189620731518,"(0, 1, 0, 1, 1, 0, 0, 1, 0, 0)",0
0101100101,0.4927088540017246,"(0, 1, 0, 1, 1, 0, 0, 1, 0, 1)",0
0101100110,0.485581459818895,"(0, 1, 0, 1, 1, 0, 0, 1, 1, 0)",0
0101100111,0.6710193705338607,"(0, 1, 0, 1, 1, 0, 0, 1, 1, 1)",0
0101101000,0.4363780823984984,"(0, 1, 0, 1, 1, 0, 1, 0, 0, 0)",0
0101101001,0.504086393429683,"(0, 1, 0, 1, 1, 0, 1, 0, 0, 1)",0
0101101010,0.42293533876440115,"(0, 1, 0, 1, 1, 0, 1, 0, 1, 0)",0
0101101011,0.4555441832192994,"(0, 1, 0, 1, 1, 0, 1, 0, 1, 1)",0
0101101100,0.47216969450624935,"(0, 1, 0, 1, 1, 0, 1, 1, 0, 0)",0
0101101101,0.5817743178829768,"(0, 1, 0, 1, 1, 0, 1, 1, 0, 1)",0
0101101110,0.5870725862304684,"(0, 1, 0, 1, 1, 0, 1, 1, 1, 0)",0
0101101111,0.6947358331955875,"(0, 1, 0, 1, 1, 0, 1, 1, 1, 1)",0
0101110000,0.32231675320616116,"(0, 1, 0, 1, 1, 1, 0, 0, 0, 0)",0
0101110001,0.5187681840067014,"(0, 1, 0, 1, 1, 1, 0, 0, 0, 1)",0
0101110010,0.517933697358341,"(0, 1, 0, 1, 1, 1, 0, 0, 1, 0)",0
0101110011,0.572531376847958,"(0, 1, 0, 1, 1, 1, 0, 0, 1, 1)",0
0101110100,0.5422796300289828,"(0, 1, 0, 1, 1, 1, 0, 1, 0, 0)",0
0101110101,0.5255134794042287,"(0, 1, 0, 1, 1, 1, 0, 1, 0, 1)",0
0101110110,0.5945091378583021,"(0, 1, 0, 1, 1, 1, 0, 1, 1, 0)",0
0101110111,0.6865944950623145,"(0, 1, 0, 1, 1, 1, 0, 1, 1, 1)",0
0101111000,0.5246552173569344,"(0, 1, 0, 1, 1, 1, 1, 0, 0, 0)",0
0101111001,0.5394216842197649,"(0, 1, 0, 1, 1, 1, 1, 0, 0, 1)",0
0101111010,0.6881235287239098,"(0, 1, 0, 1, 1, 1, 1, 0, 1, 0)",0
0101111011,0.5921182604752749,"(0, 1, 0, 1, 1, 1, 1, 0, 1, 1)",0
0101111100,0.5404598748068479,"(0, 1, 0, 1, 1, 1, 1, 1, 0, 0)",0
0101111101,0.737838050679778,"(0, 1, 0, 1, 1, 1, 1, 1, 0, 1)",0
0101111110,0.714554080175678,"(0, 1, 0, 1, 1, 1, 1, 1, 1, 0)",0
0101111111,0.7542287966480368,"(0, 1, 0, 1, 1, 1, 1, 1, 1, 1)",0
0110000000,0.19861483495201565,"(0, 1, 1, 0, 0, 0, 0, 0, 0, 0)",0
0110000001,0.2763541447543606,"(0, 1, 1, 0, 0, 0, 0, 0, 0, 1)",0
0110000010,0.24852991345684483,"(0, 1, 1, 0, 0, 0, 0, 0, 1, 0)",0
0110000011,0.42146789003087226,"(0, 1, 1, 0, 0, 0, 0, 0, 1, 1)",0
0110000100,0.24712082402342828,"(0, 1, 1, 0, 0, 0, 0, 1, 0, 0)",0
0110000101,0.3922955283432408,"(0, 1, 1, 0, 0, 0, 0, 1, 0, 1)",0
0110000110,0.45256390204612174,"(0, 1, 1, 0, 0, 0, 0, 1, 1, 0)",0
0110000111,0.4830005609722586,"(0, 1, 1, 0, 0, 0, 0, 1, 1, 1)",0
0110001000,0.31045089736117065,"(0, 1, 1, 0, 0, 0, 1, 0, 0, 0)",0
0110001001,0.4487623219303769,"(0, 1, 1, 0, 0, 0, 1, 0, 0, 1)",0
0110001010,0.41010394169386477,"(0, 1, 1, 0, 0, 0, 1, 0, 1, 0)",0
0110001011,0.43808979447997043,"(0, 1, 1, 0, 0, 0, 1, 0, 1, 1)",0
0110001100,0.4505010564731836,"(0, 1, 1, 0, 0, 0, 1, 1, 0, 0)",0
0110001101,0.4648023268609095,"(0, 1, 1, 0, 0, 0, 1, 1, 0, 1)",0
0110001110,0.5646215487381107,"(0, 1, 1, 0, 0, 0, 1, 1, 1, 0)",0
0110001111,0.6787638076890166,"(0, 1, 1, 0, 0, 0, 1, 1, 1, 1)",0
0110010000,0.3419361284823045,"(0, 1, 1, 0, 0, 1, 0, 0, 0, 0)",0
0110010001,0.3756151426245724,"(0, 1, 1, 0, 0, 1, 0, 0, 0, 1)",0
0110010010,0.33784893937119315,"(0, 1, 1, 0, 0, 1, 0, 0, 1, 0)",0
0110010011,0.4823913904171055,"(0, 1, 1, 0, 0, 1, 0, 0, 1, 1)",0
0110010100,0.3315303391200727,"(0, 1, 1, 0, 0, 1, 0, 1, 0, 0)",0
0110010101,0.5132148017204698,"(0, 1, 1, 0, 0, 1, 0, 1, 0, 1)",0
0110010110,0.5601508002322799,"(0, 1, 1, 0, 0, 1, 0, 1, 1, 0)",0
0110010111,0.5583861091446461,"(0, 1, 1, 0, 0, 1, 0, 1, 1, 1)",0
0110011000,0.28061281965182205,"(0, 1, 1, 0, 0, 1, 1, 0, 0, 0)",0
0110011001,0.4447096504047976,"(0, 1, 1, 0, 0, 1, 1, 0, 0, 1)",0
0110011010,0.5101549973540558,"(0, 1, 1, 0, 0, 1, 1, 0, 1, 0)",0
0110011011,0.5585996107795522,"(0, 1, 1, 0, 0, 1, 1, 0, 1, 1)",0
0110011100,0.47148086828934926,"(0, 1, 1, 0, 0, 1, 1, 1, 0, 0)",0
0110011101,0.6118965605599114,"(0, 1, 1, 0, 0, 1, 1, 1, 0, 1)",0
0110011110,0.6489628988878149,"(0, 1, 1, 0, 0, 1, 1, 1, 1, 0)",0
0110011111,0.7118831469970484,"(0, 1, 1, 0, 0, 1, 1, 1, 1, 1)",0
0110100000,0.2641809656550108,"(0, 1, 1, 0, 1, 0, 0, 0, 0, 0)",0
0110100001,0.41100118754375303,"(0, 1, 1, 0, 1, 0, 0, 0, 0, 1)",0
0110100010,0.3925259792292666,"(0, 1, 1, 0, 1, 0, 0, 0, 1, 0)",0
0110100011,0.49434649335156244,"(0, 1, 1, 0, 1, 0, 0, 0, 1, 1)",0
0110100100,0.4486148407205239,"(0, 1, 1, 0, 1, 0, 0, 1, 0, 0)",0
0110100101,0.5359843518981087,"(0, 1, 1, 0, 1, 0, 0, 1, 0, 1)",0
0110100110,0.521354693512399,"(0, 1, 1, 0, 1, 0, 0, 1, 1, 0)",0
0110100111,0.6864276342074754,"(0, 1, 1, 0, 1, 0, 0, 1, 1, 1)",0
0110101000,0.36347658431421614,"(0, 1, 1, 0, 1, 0, 1, 0, 0, 0)",0
0110101001,0.5352374407100444,"(0, 1, 1, 0, 1, 0, 1, 0, 0, 1)",0
0110101010,0.5165926381633834,"(0, 1, 1, 0, 1, 0, 1, 0, 1, 0)",0
0110101011,0.5769959442207125,"(0, 1, 1, 0, 1, 0, 1, 0, 1, 1)",0
0110101100,0.5619105741512711,"(0, 1, 1, 0, 1, 0, 1, 1, 0, 0)",0
0110101101,0.6636080461467481,"(0, 1, 1, 0, 1, 0, 1, 1, 0, 1)",0
0110101110,0.5750409974037415,"(0, 1, 1, 0, 1, 0, 1, 1, 1, 0)",0
0110101111,0.644634790900518,"(0, 1, 1, 0, 1, 0, 1, 1, 1, 1)",0
0110110000,0.3911872713316675,"(0, 1, 1, 0, 1, 1, 0, 0, 0, 0)",0
0110110001,0.47265232505537036,"(0, 1, 1, 0, 1, 1, 0, 0, 0, 1)",0
0110110010,0.4409507094240086,"(0, 1, 1, 0, 1, 1, 0, 0, 1, 0)",0
0110110011,0.6770338922736996,"(0, 1, 1, 0, 1, 1, 0, 0, 1, 1)",0
0110110100,0.5350593682725168,"(0, 1, 1, 0, 1, 1, 0, 1, 0, 0)",0
0110110101,0.5764513131749417,"(0, 1, 1, 0, 1, 1, 0, 1, 0, 1)",0
0110110110,0.6148627825958833,"(0, 1, 1, 0, 1, 1, 0, 1, 1, 0)",0
0110110111,0.5980748791245394,"(0, 1, 1, 0, 1, 1, 0, 1, 1, 1)",0
0110111000,0.5154696017426964,"(0, 1, 1, 0, 1, 1, 1, 0, 0, 0)",0
0110111001,0.5577116974847339,"(0, 1, 1, 0, 1, 1, 1, 0, 0, 1)",0
0110111010,0.7090976727386026,"(0, 1, 1, 0, 1, 1, 1, 0, 1, 0)",0
0110111011,0.71031098545547,"(0, 1, 1, 0, 1, 1, 1, 0, 1, 1)",0
0110111100,0.5827033219559153,"(0, 1, 1, 0, 1, 1, 1, 1, 0, 0)",0
0110111101,0.6508077618484955,"(0, 1, 1, 0, 1, 1, 1, 1, 0, 1)",0
0110111110,0.6376899725481752,"(0, 1, 1, 0, 1, 1, 1, 1, 1, 0)",0
0110111111,0.7847991047258669,"(0, 1, 1, 0, 1, 1, 1, 1, 1, 1)",0
0111000000,0.2857323135093458,"(0, 1, 1, 1, 0, 0, 0, 0, 0, 0)",0
0111000001,0.4320437986210798,"(0, 1, 1, 1, 0, 0, 0, 0, 0, 1)",0
0111000010,0.3720390585336302,"(0, 1, 1, 1, 0, 0, 0, 0, 1, 0)",0
0111000011,0.4740317623685868,"(0, 1, 1, 1, 0, 0, 0, 0, 1, 1)",0
0111000100,0.2779102363827169,"(0, 1, 1, 1, 0, 0, 0, 1, 0, 0)",0
0111000101,0.38818804060296996,"(0, 1, 1, 1, 0, 0, 0, 1, 0, 1)",0
0111000110,0.4793718677429698,"(0, 1, 1, 1, 0, 0, 0, 1, 1, 0)",0
0111000111,0.6059423268351336,"(0, 1, 1, 1, 0, 0, 0, 1, 1, 1)",0
0111001000,0.3419633210663625,"(0, 1, 1, 1, 0, 0, 1, 0, 0, 0)",0
0111001001,0.42051237278319853,"(0, 1, 1, 1, 0, 0, 1, 0, 0, 1)",0
0111001010,0.49896696447683997,"(0, 1, 1, 1, 0, 0, 1, 0, 1, 0)",0
0111001011,0.4872810485237805,"(0, 1, 1, 1, 0, 0, 1, 0, 1, 1)",0
0111001100,0.5027669035387905,"(0, 1, 1, 1, 0, 0, 1, 1, 0, 0)",0
0111001101,0.6561692799889837,"(0, 1, 1, 1, 0, 0, 1, 1, 0, 1)",0
0111001110,0.5662269121175163,"(0, 1, 1, 1, 0, 0, 1, 1, 1, 0)",0
0111001111,0.6828192574259645,"(0, 1, 1, 1, 0, 0, 1, 1, 1, 1)",0
0111010000,0.39939712578813663,"(0, 1, 1, 1, 0, 1, 0, 0, 0, 0)",0
0111010001,0.5777336107459541,"(0, 1, 1, 1, 0, 1, 0, 0, 0, 1)",0
0111010010,0.57616109582652,"(0, 1, 1, 1, 0, 1, 0, 0, 1, 0)",0
0111010011,0.5453598405900846,"(0, 1, 1, 1, 0, 1, 0, 0, 1, 1)",0
0111010100,0.45393541055428854,"(0, 1, 1, 1, 0, 1, 0, 1, 0, 0)",0
0111010101,0.6022757753394303,"(0, 1, 1, 1, 0, 1, 0, 1, 0, 1)",0
0111010110,0.5889335456925119,"(0, 1, 1, 1, 0, 1, 0, 1, 1, 0)",0
0111010111,0.6456376794022127,"(0, 1, 1, 1, 0, 1, 0, 1, 1, 1)",0
0111011000,0.46954075743901624,"(0, 1, 1, 1, 0, 1, 1, 0, 0, 0)",0
0111011001,0.63450485319568,"(0, 1, 1, 1, 0, 1, 1, 0, 0, 1)",0
0111011010,0.5808892177379253,"(0, 1, 1, 1, 0, 1, 1, 0, 1, 0)",0
0111011011,0.7632831364245969,"(0, 1, 1, 1, 0, 1, 1, 0, 1, 1)",0
0111011100,0.6631765212844674,"(0, 1, 1, 1, 0, 1, 1, 1, 0, 0)",0
0111011101,0.6560146567777945,"(0, 1, 1, 1, 0, 1, 1, 1, 0, 1)",0
0111011110,0.7156487413230537,"(0, 1, 1, 1, 0, 1, 1, 1, 1, 0)",0
0111011111,0.7206768766111986,"(0, 1, 1, 1, 0, 1, 1, 1, 1, 1)",0
0111100000,0.4154577717463556,"(0, 1, 1, 1, 1, 0, 0, 0, 0, 0)",0
0111100001,0.47986221749510033,"(0, 1, 1, 1, 1, 0, 0, 0, 0, 1)",0
0111100010,0.4672416375096403,"(0, 1, 1, 1, 1, 0, 0, 0, 1, 0)",0
0111100011,0.7040621683923571,"(0, 1, 1, 1, 1, 0, 0, 0, 1, 1)",0
0111100100,0.4931206974443515,"(0, 1, 1, 1, 1, 0, 0, 1, 0, 0)",0
0111100101,0.6623836994298508,"(0, 1, 1, 1, 1, 0, 0, 1, 0, 1)",0
0111100110,0.6274706825084114,"(0, 1, 1, 1, 1, 0, 0, 1, 1, 0)",0
0111100111,0.7445510518402629,"(0, 1, 1, 1, 1, 0, 0, 1, 1, 1)",0
0111101000,0.5262585105526569,"(0, 1, 1, 1, 1, 0, 1, 0, 0, 0)",0
0111101001,0.5722326618021385,"(0, 1, 1, 1, 1, 0, 1, 0, 0, 1)",0
0111101010,0.6219739313512398,"(0, 1, 1, 1, 1, 0, 1, 0, 1, 0)",0
0111101011,0.7391541566121798,"(0, 1, 1, 1, 1, 0, 1, 0, 1, 1)",0
0111101100,0.6514131557958148,"(0, 1, 1, 1, 1, 0, 1, 1, 0, 0)",0
0111101101,0.7057219669812156,"(0, 1, 1, 1, 1, 0, 1, 1, 0, 1)",0
0111101110,0.656211865636113,"(0, 1, 1, 1, 1, 0, 1, 1, 1, 0)",0
0111101111,0.8697107846137313,"(0, 1, 1, 1, 1, 0, 1, 1, 1, 1)",0
0111110000,0.6069978598920948,"(0, 1, 1, 1, 1, 1, 0, 0, 0, 0)",0
0111110001,0.7035193725001148,"(0, 1, 1, 1, 1, 1, 0, 0, 0, 1)",0
0111110010,0.7064093423471045,"(0, 1, 1, 1, 1, 1, 0, 0, 1, 0)",0
0111110011,0.6304349537112949,"(0, 1, 1, 1, 1, 1, 0, 0, 1, 1)",0
0111110100,0.5772333564770165,"(0, 1, 1, 1, 1, 1, 0, 1, 0, 0)",0
0111110101,0.7197336918283876,"(0, 1, 1, 1, 1, 1, 0, 1, 0, 1)",0
0111110110,0.663962558861508,"(0, 1, 1, 1, 1, 1, 0, 1, 1, 0)",0
0111110111,0.8502129674401306,"(0, 1, 1, 1, 1, 1, 0, 1, 1, 1)",0
0111111000,0.5224068894611545,"(0, 1, 1, 1, 1, 1, 1, 0, 0, 0)",0
0111111001,0.675431563582222,"(0, 1, 1, 1, 1, 1, 1, 0, 0, 1)",0
0111111010,0.6989854412107338,"(0, 1, 1, 1, 1, 1, 1, 0, 1, 0)",0
0111111011,0.7665016082569502,"(0, 1, 1, 1, 1, 1, 1, 0, 1, 1)",0
0111111100,0.6269215831105691,"(0, 1, 1, 1, 1, 1, 1, 1, 0, 0)",0
0111111101,0.7382712779350973,"(0, 1, 1, 1, 1, 1, 1, 1, 0, 1)",0
0111111110,0.7240145929972478,"(0, 1, 1, 1, 1, 1, 1, 1, 1, 0)",0
0111111111,0.9202073903487115,"(0, 1, 1, 1, 1, 1, 1, 1, 1, 1)",0
1000000000,0.12418405139275146,"(1, 0, 0, 0, 0, 0, 0, 0, 0, 0)",0
1000000001,0.09581200856258792,"(1, 0, 0, 0, 0, 0, 0, 0, 0, 1)",0
1000000010,0.2941056362454618,"(1, 0, 0, 0, 0, 0, 0, 0, 1, 0)",0
1000000011,0.34442279753838667,"(1, 0, 0, 0, 0, 0, 0, 0, 1, 1)",0
1000000100,0.10081111501376377,"(1, 0, 0, 0, 0, 0, 0, 1, 0, 0)",0
1000000101,0.23537648467917327,"(1, 0, 0, 0, 0, 0, 0, 1, 0, 1)",0
1000000110,0.408280443295413,"(1, 0, 0, 0, 0, 0, 0, 1, 1, 0)",0
1000000111,0.39761410557893034,"(1, 0, 0, 0, 0, 0, 0, 1, 1, 1)",0
1000001000,0.19540690782482478,"(1, 0, 0, 0, 0, 0, 1, 0, 0, 0)",0
1000001001,0.2702100138224146,"(1, 0, 0, 0, 0, 0, 1, 0, 0, 1)",0
1000001010,0.3357004293312753,"(1, 0, 0, 0, 0, 0, 1, 0, 1, 0)",0
1000001011,0.37970193347208214,"(1, 0, 0, 0, 0, 0, 1, 0, 1, 1)",0
1000001100,0.2963035859665195,"(1, 0, 0, 0, 0, 0, 1, 1, 0, 0)",0
1000001101,0.4610559660119991,"(1, 0, 0, 0, 0, 0, 1, 1, 0, 1)",0
1000001110,0.3426170316940608,"(1, 0, 0, 0, 0, 0, 1, 1, 1, 0)",0
1000001111,0.5160915026949986,"(1, 0, 0, 0, 0, 0, 1, 1, 1, 1)",0
1000010000,0.10109856608581289,"(1, 0, 0, 0, 0, 1, 0, 0, 0, 0)",0
1000010001,0.2352292709101192,"(1, 0, 0, 0, 0, 1, 0, 0, 0, 1)",0
1000010010,0.2774966583737528,"(1, 0, 0, 0, 0, 1, 0, 0, 1, 0)",0
1000010011,0.36911909247308644,"(1, 0, 0, 0, 0, 1, 0, 0, 1, 1)",0
1000010100,0.4218700055819685,"(1, 0, 0, 0, 0, 1, 0, 1, 0, 0)",0
1000010101,0.365870075851996,"(1, 0, 0, 0, 0, 1, 0, 1, 0, 1)",0
1000010110,0.43383549948839784,"(1, 0, 0, 0, 0, 1, 0, 1, 1, 0)",0
1000010111,0.5340380002485586,"(1, 0, 0, 0, 0, 1, 0, 1, 1, 1)",0
1000011000,0.33019438307913396,"(1, 0, 0, 0, 0, 1, 1, 0, 0, 0)",0
1000011001,0.4824363715863467,"(1, 0, 0, 0, 0, 1, 1, 0, 0, 1)",0
1000011010,0.42803881550372125,"(1, 0, 0, 0, 0, 1, 1, 0, 1, 0)",0
1000011011,0.5119582395800489,"(1, 0, 0, 0, 0, 1, 1, 0, 1, 1)",0
1000011100,0.4101578371595446,"(1, 0, 0, 0, 0, 1, 1, 1, 0, 0)",0
1000011101,0.4559400308132709,"(1, 0, 0, 0, 0, 1, 1, 1, 0, 1)",0
1000011110,0.5488395134397772,"(1, 0, 0, 0, 0, 1, 1, 1, 1, 0)",0
1000011111,0.6480749361900358,"(1, 0, 0, 0, 0, 1, 1, 1, 1, 1)",0
1000100000,0.20210752054004083,"(1, 0, 0, 0, 1, 0, 0, 0, 0, 0)",0
1000100001,0.23093524795029963,"(1, 0, 0, 0, 1, 0, 0, 0, 0, 1)",0
1000100010,0.3119295787058743,"(1, 0, 0, 0, 1, 0, 0, 0, 1, 0)",0
1000100011,0.4186903069410549,"(1, 0, 0, 0, 1, 0, 0, 0, 1, 1)",0
1000100100,0.2967043630340498,"(1, 0, 0, 0, 1, 0, 0, 1, 0, 0)",0
1000100101,0.4748679475787019,"(1, 0, 0, 0, 1, 0, 0, 1, 0, 1)",0
1000100110,0.4464945229228485,"(1, 0, 0, 0, 1, 0, 0, 1, 1, 0)",0
1000100111,0.47339644184454854,"(1, 0, 0, 0, 1, 0, 0, 1, 1, 1)",0
1000101000,0.22736889708733912,"(1, 0, 0, 0, 1, 0, 1, 0, 0, 0)",0
1000101001,0.35915750139426295,"(1, 0, 0, 0, 1, 0, 1, 0, 0, 1)",0
1000101010,0.47202388538267437,"(1, 0, 0, 0, 1, 0, 1, 0, 1, 0)",0
1000101011,0.4478561715440842,"(1, 0, 0, 0, 1, 0, 1, 0, 1, 1)",0
1000101100,0.3517709943621019,"(1, 0, 0, 0, 1, 0, 1, 1, 0, 0)",0
1000101101,0.48952714902878175,"(1, 0, 0, 0, 1, 0, 1, 1, 0, 1)",0
1000101110,0.513089653984526,"(1, 0, 0, 0, 1, 0, 1, 1, 1, 0)",0
1000101111,0.6082311639161759,"(1, 0, 0, 0, 1, 0, 1, 1, 1, 1)",0
1000110000,0.30098184417913965,"(1, 0, 0, 0, 1, 1, 0, 0, 0, 0)",0
1000110001,0.4927808162760612,"(1, 0, 0, 0, 1, 1, 0, 0, 0, 1)",0
1000110010,0.40908946743081676,"(1, 0, 0, 0, 1, 1, 0, 0, 1, 0)",0
1000110011,0.4557798642834955,"(1, 0, 0, 0, 1, 1, 0, 0, 1, 1)",0
1000110100,0.4632841778881352,"(1, 0, 0, 0, 1, 1, 0, 1, 0, 0)",0
1000110101,0.5738499640158375,"(1, 0, 0, 0, 1, 1, 0, 1, 0, 1)",0
1000110110,0.5121786932684564,"(1, 0, 0, 0, 1, 1, 0, 1, 1, 0)",0
1000110111,0.4655417242964953,"(1, 0, 0, 0, 1, 1, 0, 1, 1, 1)",0
1000111000,0.4451032059578169,"(1, 0, 0, 0, 1, 1, 1, 0, 0, 0)",0
1000111001,0.4563010089560538,"(1, 0, 0, 0, 1, 1, 1, 0, 0, 1)",0
1000111010,0.46881873888937,"(1, 0, 0, 0, 1, 1, 1, 0, 1, 0)",0
1000111011,0.5862246366069179,"(1, 0, 0, 0, 1, 1, 1, 0, 1, 1)",0
1000111100,0.4917721298352782,"(1, 0, 0, 0, 1, 1, 1, 1, 0, 0)",0
1000111101,0.6208365815026607,"(1, 0, 0, 0, 1, 1, 1, 1, 0, 1)",0
1000111110,0.6079051697994251,"(1, 0, 0, 0, 1, 1, 1, 1, 1, 0)",0
1000111111,0.64153085440148,"(1, 0, 0, 0, 1, 1, 1, 1, 1, 1)",0
1001000000,0.22139847704984467,"(1, 0, 0, 1, 0, 0, 0, 0, 0, 0)",0
1001000001,0.3507537359657652,"(1, 0, 0, 1, 0, 0, 0, 0, 0, 1)",0
1001000010,0.3624098385500597,"(1, 0, 0, 1, 0, 0, 0, 0, 1, 0)",0
1001000011,0.45323474626101995,"(1, 0, 0, 1, 0, 0, 0, 0, 1, 1)",0
1001000100,0.3225072025695477,"(1, 0, 0, 1, 0, 0, 0, 1, 0, 0)",0
1001000101,0.34612608287777086,"(1, 0, 0, 1, 0, 0, 0, 1, 0, 1)",0
1001000110,0.40328856851851946,"(1, 0, 0, 1, 0, 0, 0, 1, 1, 0)",0
1001000111,0.42512041885628266,"(1, 0, 0, 1, 0, 0, 0, 1, 1, 1)",0
1001001000,0.25990854330816215,"(1, 0, 0, 1, 0, 0, 1, 0, 0, 0)",0
1001001001,0.3987485649450849,"(1, 0, 0, 1, 0, 0, 1, 0, 0, 1)",0
1001001010,0.403887539996005,"(1, 0, 0, 1, 0, 0, 1, 0, 1, 0)",0
1001001011,0.6137949574462592,"(1, 0, 0, 1, 0, 0, 1, 0, 1, 1)",0
1001001100,0.42073590635986396,"(1, 0, 0, 1, 0, 0, 1, 1, 0, 0)",0
1001001101,0.3897260808331293,"(1, 0, 0, 1, 0, 0, 1, 1, 0, 1)",0
1001001110,0.510796454092981,"(1, 0, 0, 1, 0, 0, 1, 1, 1, 0)",0
1001001111,0.5193180345048671,"(1, 0, 0, 1, 0, 0, 1, 1, 1, 1)",0
1001010000,0.3688576438059066,"(1, 0, 0, 1, 0, 1, 0, 0, 0, 0)",0
1001010001,0.4694548522192561,"(1, 0, 0, 1, 0, 1, 0, 0, 0, 1)",0
1001010010,0.3693491699300912,"(1, 0, 0, 1, 0, 1, 0, 0, 1, 0)",0
1001010011,0.4438205625119139,"(1, 0, 0, 1, 0, 1, 0, 0, 1, 1)",0
1001010100,0.48993821644272073,"(1, 0, 0, 1, 0, 1, 0, 1, 0, 0)",0
1001010101,0.5236566391656238,"(1, 0, 0, 1, 0, 1, 0, 1, 0, 1)",0
1001010110,0.460737894665347,"(1, 0, 0, 1, 0, 1, 0, 1, 1, 0)",0
1001010111,0.6726538629921903,"(1, 0, 0, 1, 0, 1, 0, 1, 1, 1)",0
1001011000,0.3907414154916412,"(1, 0, 0, 1, 0, 1, 1, 0, 0, 0)",0
1001011001,0.4560888917333075,"(1, 0, 0, 1, 0, 1, 1, 0, 0, 1)",0
1001011010,0.5325455591338885,"(1, 0, 0, 1, 0, 1, 1, 0, 1, 0)",0
1001011011,0.6581009406779137,"(1, 0, 0, 1, 0, 1, 1, 0, 1, 1)",0
1001011100,0.35362152543584807,"(1, 0, 0, 1, 0, 1, 1, 1, 0, 0)",0
1001011101,0.5420534272419948,"(1, 0, 0, 1, 0, 1, 1, 1, 0, 1)",0
1001011110,0.5906623349250792,"(1, 0, 0, 1, 0, 1, 1, 1, 1, 0)",0
1001011111,0.6218759364466089,"(1, 0, 0, 1, 0, 1, 1, 1, 1, 1)",0
1001100000,0.2875234053600543,"(1, 0, 0, 1, 1, 0, 0, 0, 0, 0)",0
1001100001,0.43682461336074085,"(1, 0, 0, 1, 1, 0, 0, 0, 0, 1)",0
1001100010,0.374406631294402,"(1, 0, 0, 1, 1, 0, 0, 0, 1, 0)",0
1001100011,0.5570809758280189,"(1, 0, 0, 1, 1, 0, 0, 0, 1, 1)",0
1001100100,0.357077596466559,"(1, 0, 0, 1, 1, 0, 0, 1, 0, 0)",0
1001100101,0.43566257184071067,"(1, 0, 0, 1, 1, 0, 0, 1, 0, 1)",0
1001100110,0.5188132133058552,"(1, 0, 0, 1, 1, 0, 0, 1, 1, 0)",0
1001100111,0.6224217655223983,"(1, 0, 0, 1, 1, 0, 0, 1, 1, 1)",0
1001101000,0.4360770019330608,"(1, 0, 0, 1, 1, 0, 1, 0, 0, 0)",0
1001101001,0.5212255923137481,"(1, 0, 0, 1, 1, 0, 1, 0, 0, 1)",0
1001101010,0.5568669572525176,"(1, 0, 0, 1, 1, 0, 1, 0, 1, 0)",0
1001101011,0.6100618396435556,"(1, 0, 0, 1, 1, 0, 1, 0, 1, 1)",0
1001101100,0.5194548167481833,"(1, 0, 0, 1, 1, 0, 1, 1, 0, 0)",0
1001101101,0.4878864908351741,"(1, 0, 0, 1, 1, 0, 1, 1, 0, 1)",0
1001101110,0.5491006653137673,"(1, 0, 0, 1, 1, 0, 1, 1, 1, 0)",0
1001101111,0.7604659200989496,"(1, 0, 0, 1, 1, 0, 1, 1, 1, 1)",0
1001110000,0.4291372780404148,"(1, 0, 0, 1, 1, 1, 0, 0, 0, 0)",0
1001110001,0.5184064248990118,"(1, 0, 0, 1, 1, 1, 0, 0, 0, 1)",0
1001110010,0.5252834625159054,"(1, 0, 0, 1, 1, 1, 0, 0, 1, 0)",0
1001110011,0.6035850934840795,"(1, 0, 0, 1, 1, 1, 0, 0, 1, 1)",0
1001110100,0.45795756546265076,"(1, 0, 0, 1, 1, 1, 0, 1, 0, 0)",0
1001110101,0.631513085843114,"(1, 0, 0, 1, 1, 1, 0, 1, 0, 1)",0
1001110110,0.5791855534224755,"(1, 0, 0, 1, 1, 1, 0, 1, 1, 0)",0
1001110111,0.7009007738505983,"(1, 0, 0, 1, 1, 1, 0, 1, 1, 1)",0
1001111000,0.42217155984123617,"(1, 0, 0, 1, 1, 1, 1, 0, 0, 0)",0
1001111001,0.5944014675071463,"(1, 0, 0, 1, 1, 1, 1, 0, 0, 1)",0
1001111010,0.4502360887060998,"(1, 0, 0, 1, 1, 1, 1, 0, 1, 0)",0
1001111011,0.6444534250165729,"(1, 0, 0, 1, 1, 1, 1, 0, 1, 1)",0
1001111100,0.6323395040922148,"(1, 0, 0, 1, 1, 1, 1, 1, 0, 0)",0
1001111101,0.7084333811339389,"(1, 0, 0, 1, 1, 1, 1, 1, 0, 1)",0
1001111110,0.6588274800585671,"(1, 0, 0, 1, 1, 1, 1, 1, 1, 0)",0
1001111111,0.7992754755883122,"(1, 0, 0, 1, 1, 1, 1, 1, 1, 1)",0
1010000000,0.2079978001087967,"(1, 0, 1, 0, 0, 0, 0, 0, 0, 0)",0
1010000001,0.26996061231624197,"(1, 0, 1, 0, 0, 0, 0, 0, 0, 1)",0
1010000010,0.2704147872398216,"(1, 0, 1, 0, 0, 0, 0, 0, 1, 0)",0
1010000011,0.33018856072882885,"(1, 0, 1, 0, 0, 0, 0, 0, 1, 1)",0
1010000100,0.31834581431001985,"(1, 0, 1, 0, 0, 0, 0, 1, 0, 0)",0
1010000101,0.3364004616388287,"(1, 0, 1, 0, 0, 0, 0, 1, 0, 1)",0
1010000110,0.3970731015571088,"(1, 0, 1, 0, 0, 0, 0, 1, 1, 0)",0
1010000111,0.48716529753806326,"(1, 0, 1, 0, 0, 0, 0, 1, 1, 1)",0
1010001000,0.30714403888300323,"(1, 0, 1, 0, 0, 0, 1, 0, 0, 0)",0
1010001001,0.47103372568668983,"(1, 0, 1, 0, 0, 0, 1, 0, 0, 1)",0
1010001010,0.3558235184094162,"(1, 0, 1, 0, 0, 0, 1, 0, 1, 0)",0
1010001011,0.47410995020187,"(1, 0, 1, 0, 0, 0, 1, 0, 1, 1)",0
1010001100,0.33638504639877376,"(1, 0, 1, 0, 0, 0, 1, 1, 0, 0)",0
1010001101,0.4097214470385383,"(1, 0, 1, 0, 0, 0, 1, 1, 0, 1)",0
1010001110,0.4220455530410555,"(1, 0, 1, 0, 0, 0, 1, 1, 1, 0)",0
1010001111,0.4345777903224428,"(1, 0, 1, 0, 0, 0, 1, 1, 1, 1)",0
1010010000,0.2729364326944834,"(1, 0, 1, 0, 0, 1, 0, 0, 0, 0)",0
1010010001,0.42747453652333267,"(1, 0, 1, 0, 0, 1, 0, 0, 0, 1)",0
1010010010,0.3699817186668264,"(1, 0, 1, 0, 0, 1, 0, 0, 1, 0)",0
1010010011,0.49706149669875904,"(1, 0, 1, 0, 0, 1, 0, 0, 1, 1)",0
1010010100,0.4312134504729456,"(1, 0, 1, 0, 0, 1, 0, 1, 0, 0)",0
1010010101,0.47879391443702646,"(1, 0, 1, 0, 0, 1, 0, 1, 0, 1)",0
1010010110,0.4158810509804839,"(1, 0, 1, 0, 0, 1, 0, 1, 1, 0)",0
1010010111,0.5873418686772218,"(1, 0, 1, 0, 0, 1, 0, 1, 1, 1)",0
1010011000,0.3423287882483715,"(1, 0, 1, 0, 0, 1, 1, 0, 0, 0)",0
1010011001,0.5681094570797107,"(1, 0, 1, 0, 0, 1, 1, 0, 0, 1)",0
1010011010,0.6224580142629175,"(1, 0, 1, 0, 0, 1, 1, 0, 1, 0)",0
1010011011,0.5789202280718849,"(1, 0, 1, 0, 0, 1, 1, 0, 1, 1)",0
1010011100,0.5441028877199762,"(1, 0, 1, 0, 0, 1, 1, 1, 0, 0)",0
1010011101,0.5853624242260884,"(1, 0, 1, 0, 0, 1, 1, 1, 0, 1)",0
1010011110,0.7514154513513256,"(1, 0, 1, 0, 0, 1, 1, 1, 1, 0)",0
1010011111,0.8045902435620239,"(1, 0, 1, 0, 0, 1, 1, 1, 1, 1)",0
1010100000,0.27258564204459157,"(1, 0, 1, 0, 1, 0, 0, 0, 0, 0)",0
1010100001,0.5603745195669093,"(1, 0, 1, 0, 1, 0, 0, 0, 0, 1)",0
1010100010,0.44066459254735707,"(1, 0, 1, 0, 1, 0, 0, 0, 1, 0)",0
1010100011,0.5007670124766119,"(1, 0, 1, 0, 1, 0, 0, 0, 1, 1)",0
1010100100,0.4221326884392945,"(1, 0, 1, 0, 1, 0, 0, 1, 0, 0)",0
1010100101,0.5667539950028183,"(1, 0, 1, 0, 1, 0, 0, 1, 0, 1)",0
1010100110,0.47234481277449114,"(1, 0, 1, 0, 1, 0, 0, 1, 1, 0)",0
1010100111,0.6328935375673841,"(1, 0, 1, 0, 1, 0, 0, 1, 1, 1)",0
1010101000,0.45420283858751864,"(1, 0, 1, 0, 1, 0, 1, 0, 0, 0)",0
1010101001,0.5605860427302833,"(1, 0, 1, 0, 1, 0, 1, 0, 0, 1)",0
1010101010,0.5256541212179336,"(1, 0, 1, 0, 1, 0, 1, 0, 1, 0)",0
1010101011,0.5858702830146251,"(1, 0, 1, 0, 1, 0, 1, 0, 1, 1)",0
1010101100,0.5223314277965463,"(1, 0, 1, 0, 1, 0, 1, 1, 0, 0)",0
1010101101,0.5646242685203186,"(1, 0, 1, 0, 1, 0, 1, 1, 0, 1)",0
1010101110,0.5670263416520371,"(1, 0, 1, 0, 1, 0, 1, 1, 1, 0)",0
1010101111,0.5813048536384883,"(1, 0, 1, 0, 1, 0, 1, 1, 1, 1)",0
1010110000,0.3750545816590284,"(1, 0, 1, 0, 1, 1, 0, 0, 0, 0)",0
1010110001,0.5437010132748565,"(1, 0, 1, 0, 1, 1, 0, 0, 0, 1)",0
1010110010,0.6437254438902835,"(1, 0, 1, 0, 1, 1, 0, 0, 1, 0)",0
1010110011,0.6290113538014395,"(1, 0, 1, 0, 1, 1, 0, 0, 1, 1)",0
1010110100,0.51709073823882,"(1, 0, 1, 0, 1, 1, 0, 1, 0, 0)",0
1010110101,0.4914035906641697,"(1, 0, 1, 0, 1, 1, 0, 1, 0, 1)",0
1010110110,0.6318917150941399,"(1, 0, 1, 0, 1, 1, 0, 1, 1, 0)",0
1010110111,0.6965346463602734,"(1, 0, 1, 0, 1, 1, 0, 1, 1, 1)",0
1010111000,0.512181890163063,"(1, 0, 1, 0, 1, 1, 1, 0, 0, 0)",0
1010111001,0.5192269133196277,"(1, 0, 1, 0, 1, 1, 1, 0, 0, 1)",0
1010111010,0.5027503377960101,"(1, 0, 1, 0, 1, 1, 1, 0, 1, 0)",0
1010111011,0.6823263673802729,"(1, 0, 1, 0, 1, 1, 1, 0, 1, 1)",0
1010111100,0.5577008321104476,"(1, 0, 1, 0, 1, 1, 1, 1, 0, 0)",0
1010111101,0.6193516656100226,"(1, 0, 1, 0, 1, 1, 1, 1, 0, 1)",0
1010111110,0.6473857754566359,"(1, 0, 1, 0, 1, 1, 1, 1, 1, 0)",0
1010111111,0.844679902763573,"(1, 0, 1, 0, 1, 1, 1, 1, 1, 1)",0
1011000000,0.2708411886995433,"(1, 0, 1, 1, 0, 0, 0, 0, 0, 0)",0
1011000001,0.3284680902443225,"(1, 0, 1, 1, 0, 0, 0, 0, 0, 1)",0
1011000010,0.4719582838361885,"(1, 0, 1, 1, 0, 0, 0, 0, 1, 0)",0
1011000011,0.5176016865434363,"(1, 0, 1, 1, 0, 0, 0, 0, 1, 1)",0
1011000100,0.3472035937979533,"(1, 0, 1, 1, 0, 0, 0, 1, 0, 0)",0
1011000101,0.504380008264198,"(1, 0, 1, 1, 0, 0, 0, 1, 0, 1)",0
1011000110,0.4085701292794892,"(1, 0, 1, 1, 0, 0, 0, 1, 1, 0)",0
1011000111,0.6242776860933548,"(1, 0, 1, 1, 0, 0, 0, 1, 1, 1)",0
1011001000,0.3441664454352665,"(1, 0, 1, 1, 0, 0, 1, 0, 0, 0)",0
1011001001,0.45784537312426965,"(1, 0, 1, 1, 0, 0, 1, 0, 0, 1)",0
1011001010,0.5133859466485534,"(1, 0, 1, 1, 0, 0, 1, 0, 1, 0)",0
1011001011,0.6960587857908759,"(1, 0, 1, 1, 0, 0, 1, 0, 1, 1)",0
1011001100,0.4652705205471668,"(1, 0, 1, 1, 0, 0, 1, 1, 0, 0)",0
1011001101,0.6076895675050384,"(1, 0, 1, 1, 0, 0, 1, 1, 0, 1)",0
1011001110,0.5274219435857778,"(1, 0, 1, 1, 0, 0, 1, 1, 1, 0)",0
1011001111,0.7016795986958472,"(1, 0, 1, 1, 0, 0, 1, 1, 1, 1)",0
1011010000,0.421249244270406,"(1, 0, 1, 1, 0, 1, 0, 0, 0, 0)",0
1011010001,0.5526152877533896,"(1, 0, 1, 1, 0, 1, 0, 0, 0, 1)",0
1011010010,0.48172732735994594,"(1, 0, 1, 1, 0, 1, 0, 0, 1, 0)",0
1011010011,0.6403053190188662,"(1, 0, 1, 1, 0, 1, 0, 0, 1, 1)",0
1011010100,0.42962617001330594,"(1, 0, 1, 1, 0, 1, 0, 1, 0, 0)",0
1011010101,0.6476169765125707,"(1, 0, 1, 1, 0, 1, 0, 1, 0, 1)",0
1011010110,0.6927820143658601,"(1, 0, 1, 1, 0, 1, 0, 1, 1, 0)",0
1011010111,0.7700777330241991,"(1, 0, 1, 1, 0, 1, 0, 1, 1, 1)",0
1011011000,0.5115347236979726,"(1, 0, 1, 1, 0, 1, 1, 0, 0, 0)",0
1011011001,0.4509121009755498,"(1, 0, 1, 1, 0, 1, 1, 0, 0, 1)",0
1011011010,0.697752361398577,"(1, 0, 1, 1, 0, 1, 1, 0, 1, 0)",0
1011011011,0.6030709793420386,"(1, 0, 1, 1, 0, 1, 1, 0, 1, 1)",0
1011011100,0.6136610326066978,"(1, 0, 1, 1, 0, 1, 1, 1, 0, 0)",0
1011011101,0.6880934299535585,"(1, 0, 1, 1, 0, 1, 1, 1, 0, 1)",0
1011011110,0.7321462144908469,"(1, 0, 1, 1, 0, 1, 1, 1, 1, 0)",0
1011011111,0.8223567648607093,"(1, 0, 1, 1, 0, 1, 1, 1, 1, 1)",0
1011100000,0.4885907309774885,"(1, 0, 1, 1, 1, 0, 0, 0, 0, 0)",0
1011100001,0.5793687430224255,"(1, 0, 1, 1, 1, 0, 0, 0, 0, 1)",0
1011100010,0.49605633421196643,"(1, 0, 1, 1, 1, 0, 0, 0, 1, 0)",0
1011100011,0.5667516456754704,"(1, 0, 1, 1, 1, 0, 0, 0, 1, 1)",0
1011100100,0.5244038119279273,"(1, 0, 1, 1, 1, 0, 0, 1, 0, 0)",0
1011100101,0.5647461712733977,"(1, 0, 1, 1, 1, 0, 0, 1, 0, 1)",0
1011100110,0.5438821494491652,"(1, 0, 1, 1, 1, 0, 0, 1, 1, 0)",0
1011100111,0.6455695613451664,"(1, 0, 1, 1, 1, 0, 0, 1, 1, 1)",0
1011101000,0.4520460187486549,"(1, 0, 1, 1, 1, 0, 1, 0, 0, 0)",0
1011101001,0.6099803621382488,"(1, 0, 1, 1, 1, 0, 1, 0, 0, 1)",0
1011101010,0.48972179768463175,"(1, 0, 1, 1, 1, 0, 1, 0, 1, 0)",0
1011101011,0.7141240579306287,"(1, 0, 1, 1, 1, 0, 1, 0, 1, 1)",0
1011101100,0.6136861801126319,"(1, 0, 1, 1, 1, 0, 1, 1, 0, 0)",0
1011101101,0.7333410741919391,"(1, 0, 1, 1, 1, 0, 1, 1, 0, 1)",0
1011101110,0.701540187113403,"(1, 0, 1, 1, 1, 0, 1, 1, 1, 0)",0
1011101111,0.8478909318316036,"(1, 0, 1, 1, 1, 0, 1, 1, 1, 1)",0
1011110000,0.5618979700604306,"(1, 0, 1, 1, 1, 1, 0, 0, 0, 0)",0
1011110001,0.6416986446554973,"(1, 0, 1, 1, 1, 1, 0, 0, 0, 1)",0
1011110010,0.6244743228509929,"(1, 0, 1, 1, 1, 1, 0, 0, 1, 0)",0
1011110011,0.6041795739598486,"(1, 0, 1, 1, 1, 1, 0, 0, 1, 1)",0
1011110100,0.5291535680328829,"(1, 0, 1, 1, 1, 1, 0, 1, 0, 0)",0
1011110101,0.6433974549034203,"(1, 0, 1, 1, 1, 1, 0, 1, 0, 1)",0
1011110110,0.7293440759648608,"(1, 0, 1, 1, 1, 1, 0, 1, 1, 0)",0
1011110111,0.7354331823820697,"(1, 0, 1, 1, 1, 1, 0, 1, 1, 1)",0
1011111000,0.7043944564888976,"(1, 0, 1, 1, 1, 1, 1, 0, 0, 0)",0
1011111001,0.7616064132818537,"(1, 0, 1, 1, 1, 1, 1, 0, 0, 1)",0
1011111010,0.7372171589917973,"(1, 0, 1, 1, 1, 1, 1, 0, 1, 0)",0
1011111011,0.8525906322765886,"(1, 0, 1, 1, 1, 1, 1, 0, 1, 1)",0
1011111100,0.6841617041430373,"(1, 0, 1, 1, 1, 1, 1, 1, 0, 0)",0
1011111101,0.7431069006642925,"(1, 0, 1, 1, 1, 1, 1, 1, 0, 1)",0
1011111110,0.879608853034343,"(1, 0, 1, 1, 1, 1, 1, 1, 1, 0)",0
1011111111,0.9275558253966623,"(1, 0, 1, 1, 1, 1, 1, 1, 1, 1)",0
1100000000,0.28047230962862646,"(1, 1, 0, 0, 0, 0, 0, 0, 0, 0)",0
1100000001,0.2811049343040805,"(1, 1, 0, 0, 0, 0, 0, 0, 0, 1)",0
1100000010,0.21379765575305487,"(1, 1, 0, 0, 0, 0, 0, 0, 1, 0)",0
1100000011,0.34014711514333396,"(1, 1, 0, 0, 0, 0, 0, 0, 1, 1)",0
1100000100,0.29285093599315876,"(1, 1, 0, 0, 0, 0, 0, 1, 0, 0)",0
1100000101,0.4237411765347967,"(1, 1, 0, 0, 0, 0, 0, 1, 0, 1)",0
1100000110,0.4405228936478229,"(1, 1, 0, 0, 0, 0, 0, 1, 1, 0)",0
1100000111,0.5268712939624437,"(1, 1, 0, 0, 0, 0, 0, 1, 1, 1)",0
1100001000,0.2771689629426829,"(1, 1, 0, 0, 0, 0, 1, 0, 0, 0)",0
1100001001,0.30799939551811845,"(1, 1, 0, 0, 0, 0, 1, 0, 0, 1)",0
1100001010,0.3969896170429068,"(1, 1, 0, 0, 0, 0, 1, 0, 1, 0)",0
1100001011,0.6065486267552427,"(1, 1, 0, 0, 0, 0, 1, 0, 1, 1)",0
1100001100,0.44407136817941767,"(1, 1, 0, 0, 0, 0, 1, 1, 0, 0)",0
1100001101,0.49706246093093087,"(1, 1, 0, 0, 0, 0, 1, 1, 0, 1)",0
1100001110,0.5246960691809274,"(1, 1, 0, 0, 0, 0, 1, 1, 1, 0)",0
1100001111,0.595799561230429,"(1, 1, 0, 0, 0, 0, 1, 1, 1, 1)",0
1100010000,0.4105852778942288,"(1, 1, 0, 0, 0, 1, 0, 0, 0, 0)",0
1100010001,0.38109997320179023,"(1, 1, 0, 0, 0, 1, 0, 0, 0, 1)",0
1100010010,0.48595079126134555,"(1, 1, 0, 0, 0, 1, 0, 0, 1, 0)",0
1100010011,0.4985770241381573,"(1, 1, 0, 0, 0, 1, 0, 0, 1, 1)",0
1100010100,0.5114463362545062,"(1, 1, 0, 0, 0, 1, 0, 1, 0, 0)",0
1100010101,0.4054104587623074,"(1, 1, 0, 0, 0, 1, 0, 1, 0, 1)",0
1100010110,0.46438379631856763,"(1, 1, 0, 0, 0, 1, 0, 1, 1, 0)",0
1100010111,0.5152181851724398,"(1, 1, 0, 0, 0, 1, 0, 1, 1, 1)",0
1100011000,0.4011323936494262,"(1, 1, 0, 0, 0, 1, 1, 0, 0, 0)",0
1100011001,0.5926793256120302,"(1, 1, 0, 0, 0, 1, 1, 0, 0, 1)",0
1100011010,0.5090997348840658,"(1, 1, 0, 0, 0, 1, 1, 0, 1, 0)",0
1100011011,0.6498623037843072,"(1, 1, 0, 0, 0, 1, 1, 0, 1, 1)",0
1100011100,0.5638098030754614,"(1, 1, 0, 0, 0, 1, 1, 1, 0, 0)",0
1100011101,0.6061208051044759,"(1, 1, 0, 0, 0, 1, 1, 1, 0, 1)",0
1100011110,0.6090668240831254,"(1, 1, 0, 0, 0, 1, 1, 1, 1, 0)",0
1100011111,0.6052750741473595,"(1, 1, 0, 0, 0, 1, 1, 1, 1, 1)",0
1100100000,0.3634444818765378,"(1, 1, 0, 0, 1, 0, 0, 0, 0, 0)",0
1100100001,0.37869003469444135,"(1, 1, 0, 0, 1, 0, 0, 0, 0, 1)",0
1100100010,0.3882667861800821,"(1, 1, 0, 0, 1, 0, 0, 0, 1, 0)",0
1100100011,0.4578308891935088,"(1, 1, 0, 0, 1, 0, 0, 0, 1, 1)",0
1100100100,0.3836657972583063,"(1, 1, 0, 0, 1, 0, 0, 1, 0, 0)",0
1100100101,0.570676690363609,"(1, 1, 0, 0, 1, 0, 0, 1, 0, 1)",0
1100100110,0.4543580450821392,"(1, 1, 0, 0, 1, 0, 0, 1, 1, 0)",0
1100100111,0.618447502048423,"(1, 1, 0, 0, 1, 0, 0, 1, 1, 1)",0
1100101000,0.41749409046039293,"(1, 1, 0, 0, 1, 0, 1, 0, 0, 0)",0
1100101001,0.4256996619451913,"(1, 1, 0, 0, 1, 0, 1, 0, 0, 1)",0
1100101010,0.6006225464378315,"(1, 1, 0, 0, 1, 0, 1, 0, 1, 0)",0
1100101011,0.6260296302422705,"(1, 1, 0, 0, 1, 0, 1, 0, 1, 1)",0
1100101100,0.5213445444832329,"(1, 1, 0, 0, 1, 0, 1, 1, 0, 0)",0
1100101101,0.6193991984431254,"(1, 1, 0, 0, 1, 0, 1, 1, 0, 1)",0
1100101110,0.5711092303450264,"(1, 1, 0, 0, 1, 0, 1, 1, 1, 0)",0
1100101111,0.7444522448717723,"(1, 1, 0, 0, 1, 0, 1, 1, 1, 1)",0
1100110000,0.33357291708002373,"(1, 1, 0, 0, 1, 1, 0, 0, 0, 0)",0
1100110001,0.5217058800118592,"(1, 1, 0, 0, 1, 1, 0, 0, 0, 1)",0
1100110010,0.4528085933232358,"(1, 1, 0, 0, 1, 1, 0, 0, 1, 0)",0
1100110011,0.6613169734763794,"(1, 1, 0, 0, 1, 1, 0, 0, 1, 1)",0
1100110100,0.491326585708057,"(1, 1, 0, 0, 1, 1, 0, 1, 0, 0)",0
1100110101,0.6251803946576084,"(1, 1, 0, 0, 1, 1, 0, 1, 0, 1)",0
1100110110,0.5632165885463984,"(1, 1, 0, 0, 1, 1, 0, 1, 1, 0)",0
1100110111,0.8111336084183975,"(1, 1, 0, 0, 1, 1, 0, 1, 1, 1)",0
1100111000,0.4666418397494782,"(1, 1, 0, 0, 1, 1, 1, 0, 0, 0)",0
1100111001,0.5093120970489621,"(1, 1, 0, 0, 1, 1, 1, 0, 0, 1)",0
1100111010,0.6019708741365584,"(1, 1, 0, 0, 1, 1, 1, 0, 1, 0)",0
1100111011,0.6717997963704347,"(1, 1, 0, 0, 1, 1, 1, 0, 1, 1)",0
1100111100,0.5797296223790063,"(1, 1, 0, 0, 1, 1, 1, 1, 0, 0)",0
1100111101,0.6626554679985271,"(1, 1, 0, 0, 1, 1, 1, 1, 0, 1)",0
1100111110,0.7385134698118017,"(1, 1, 0, 0, 1, 1, 1, 1, 1, 0)",0
1100111111,0.7855093173219645,"(1, 1, 0, 0, 1, 1, 1, 1, 1, 1)",0
1101000000,0.2282248004895275,"(1, 1, 0, 1, 0, 0, 0, 0, 0, 0)",0
1101000001,0.43248165409886663,"(1, 1, 0, 1, 0, 0, 0, 0, 0, 1)",0
1101000010,0.4138338542416244,"(1, 1, 0, 1, 0, 0, 0, 0, 1, 0)",0
1101000011,0.527740831366707,"(1, 1, 0, 1, 0, 0, 0, 0, 1, 1)",0
1101000100,0.3673888161647845,"(1, 1, 0, 1, 0, 0, 0, 1, 0, 0)",0
1101000101,0.48190830195963646,"(1, 1, 0, 1, 0, 0, 0, 1, 0, 1)",0
1101000110,0.4612937175460846,"(1, 1, 0, 1, 0, 0, 0, 1, 1, 0)",0
1101000111,0.6271033979842281,"(1, 1, 0, 1, 0, 0, 0, 1, 1, 1)",0
1101001000,0.3677180948366653,"(1, 1, 0, 1, 0, 0, 1, 0, 0, 0)",0
1101001001,0.5642280799998542,"(1, 1, 0, 1, 0, 0, 1, 0, 0, 1)",0
1101001010,0.5120230183245665,"(1, 1, 0, 1, 0, 0, 1, 0, 1, 0)",0
1101001011,0.6234136336097033,"(1, 1, 0, 1, 0, 0, 1, 0, 1, 1)",0
1101001100,0.41995665524991593,"(1, 1, 0, 1, 0, 0, 1, 1, 0, 0)",0
1101001101,0.5359890410601479,"(1, 1, 0, 1, 0, 0, 1, 1, 0, 1)",0
1101001110,0.5914591260306232,"(1, 1, 0, 1, 0, 0, 1, 1, 1, 0)",0
1101001111,0.6071791686600906,"(1, 1, 0, 1, 0, 0, 1, 1, 1, 1)",0
1101010000,0.40045449971616254,"(1, 1, 0, 1, 0, 1, 0, 0, 0, 0)",0
1101010001,0.4318887484772758,"(1, 1, 0, 1, 0, 1, 0, 0, 0, 1)",0
1101010010,0.5536179971871454,"(1, 1, 0, 1, 0, 1, 0, 0, 1, 0)",0
1101010011,0.620706293811524,"(1, 1, 0, 1, 0, 1, 0, 0, 1, 1)",0
1101010100,0.514985697839554,"(1, 1, 0, 1, 0, 1, 0, 1, 0, 0)",0
1101010101,0.6133751699044585,"(1, 1, 0, 1, 0, 1, 0, 1, 0, 1)",0
1101010110,0.6092615280756875,"(1, 1, 0, 1, 0, 1, 0, 1, 1, 0)",0
1101010111,0.7815437991533891,"(1, 1, 0, 1, 0, 1, 0, 1, 1, 1)",0
1101011000,0.46852429151489333,"(1, 1, 0, 1, 0, 1, 1, 0, 0, 0)",0
1101011001,0.6184008572843266,"(1, 1, 0, 1, 0, 1, 1, 0, 0, 1)",0
1101011010,0.5836197803296067,"(1, 1, 0, 1, 0, 1, 1, 0, 1, 0)",0
1101011011,0.7511851327386186,"(1, 1, 0, 1, 0, 1, 1, 0, 1, 1)",0
1101011100,0.6098703212621739,"(1, 1, 0, 1, 0, 1, 1, 1, 0, 0)",0
1101011101,0.6342674787429649,"(1, 1, 0, 1, 0, 1, 1, 1, 0, 1)",0
1101011110,0.7558423363477826,"(1, 1, 0, 1, 0, 1, 1, 1, 1, 0)",0
1101011111,0.8119011602373534,"(1, 1, 0, 1, 0, 1, 1, 1, 1, 1)",0
1101100000,0.3532172400333317,"(1, 1, 0, 1, 1, 0, 0, 0, 0, 0)",0
1101100001,0.4807931854472888,"(1, 1, 0, 1, 1, 0, 0, 0, 0, 1)",0
1101100010,0.6097727379958641,"(1, 1, 0, 1, 1, 0, 0, 0, 1, 0)",0
1101100011,0.6386247823399652,"(1, 1, 0, 1, 1, 0, 0, 0, 1, 1)",0
1101100100,0.5279686255768616,"(1, 1, 0, 1, 1, 0, 0, 1, 0, 0)",0
1101100101,0.5603937442706973,"(1, 1, 0, 1, 1, 0, 0, 1, 0, 1)",0
1101100110,0.5576854959986836,"(1, 1, 0, 1, 1, 0, 0, 1, 1, 0)",0
1101100111,0.7261386781230631,"(1, 1, 0, 1, 1, 0, 0, 1, 1, 1)",0
1101101000,0.5872488667497274,"(1, 1, 0, 1, 1, 0, 1, 0, 0, 0)",0
1101101001,0.6268978854489354,"(1, 1, 0, 1, 1, 0, 1, 0, 0, 1)",0
1101101010,0.5614016392034742,"(1, 1, 0, 1, 1, 0, 1, 0, 1, 0)",0
1101101011,0.7622308621366887,"(1, 1, 0, 1, 1, 0, 1, 0, 1, 1)",0
1101101100,0.5850236111897704,"(1, 1, 0, 1, 1, 0, 1, 1, 0, 0)",0
1101101101,0.7389469329600763,"(1, 1, 0, 1, 1, 0, 1, 1, 0, 1)",0
1101101110,0.7389865544231208,"(1, 1, 0, 1, 1, 0, 1, 1, 1, 0)",0
1101101111,0.7042814466257273,"(1, 1, 0, 1, 1, 0, 1, 1, 1, 1)",0
1101110000,0.5810140192012874,"(1, 1, 0, 1, 1, 1, 0, 0, 0, 0)",0
1101110001,0.6869250557730759,"(1, 1, 0, 1, 1, 1, 0, 0, 0, 1)",0
1101110010,0.5462717348946474,"(1, 1, 0, 1, 1, 1, 0, 0, 1, 0)",0
1101110011,0.8299389720275497,"(1, 1, 0, 1, 1, 1, 0, 0, 1, 1)",0
1101110100,0.5330237375929315,"(1, 1, 0, 1, 1, 1, 0, 1, 0, 0)",0
1101110101,0.7023980260981642,"(1, 1, 0, 1, 1, 1, 0, 1, 0, 1)",0
1101110110,0.7253317025908967,"(1, 1, 0, 1, 1, 1, 0, 1, 1, 0)",0
1101110111,0.863807085257706,"(1, 1, 0, 1, 1, 1, 0, 1, 1, 1)",0
1101111000,0.5622985000889343,"(1, 1, 0, 1, 1, 1, 1, 0, 0, 0)",0
1101111001,0.7272607859687747,"(1, 1, 0, 1, 1, 1, 1, 0, 0, 1)",0
1101111010,0.6409275844324511,"(1, 1, 0, 1, 1, 1, 1, 0, 1, 0)",0
1101111011,0.8229383044740508,"(1, 1, 0, 1, 1, 1, 1, 0, 1, 1)",0
1101111100,0.7813777260295232,"(1, 1, 0, 1, 1, 1, 1, 1, 0, 0)",0
1101111101,0.7387847132080638,"(1, 1, 0, 1, 1, 1, 1, 1, 0, 1)",0
1101111110,0.7744801193650187,"(1, 1, 0, 1, 1, 1, 1, 1, 1, 0)",0
1101111111,0.9062476492606065,"(1, 1, 0, 1, 1, 1, 1, 1, 1, 1)",0
1110000000,0.4650361723955187,"(1, 1, 1, 0, 0, 0, 0, 0, 0, 0)",0
1110000001,0.4609762765047466,"(1, 1, 1, 0, 0, 0, 0, 0, 0, 1)",0
1110000010,0.4984659623791674,"(1, 1, 1, 0, 0, 0, 0, 0, 1, 0)",0
1110000011,0.510979183006845,"(1, 1, 1, 0, 0, 0, 0, 0, 1, 1)",0
1110000100,0.3251689504022919,"(1, 1, 1, 0, 0, 0, 0, 1, 0, 0)",0
1110000101,0.44321666640631086,"(1, 1, 1, 0, 0, 0, 0, 1, 0, 1)",0
1110000110,0.5024332091276665,"(1, 1, 1, 0, 0, 0, 0, 1, 1, 0)",0
1110000111,0.5540130874514269,"(1, 1, 1, 0, 0, 0, 0, 1, 1, 1)",0
1110001000,0.32979468151425606,"(1, 1, 1, 0, 0, 0, 1, 0, 0, 0)",0
1110001001,0.47302435372792384,"(1, 1, 1, 0, 0, 0, 1, 0, 0, 1)",0
1110001010,0.4466368765788767,"(1, 1, 1, 0, 0, 0, 1, 0, 1, 0)",0
1110001011,0.6550790533346655,"(1, 1, 1, 0, 0, 0, 1, 0, 1, 1)",0
1110001100,0.622199428774989,"(1, 1, 1, 0, 0, 0, 1, 1, 0, 0)",0
1110001101,0.6521032437765114,"(1, 1, 1, 0, 0, 0, 1, 1, 0, 1)",0
1110001110,0.6067020060515861,"(1, 1, 1, 0, 0, 0, 1, 1, 1, 0)",0
1110001111,0.5966317197035447,"(1, 1, 1, 0, 0, 0, 1, 1, 1, 1)",0
1110010000,0.42522893602726347,"(1, 1, 1, 0, 0, 1, 0, 0, 0, 0)",0
1110010001,0.44642266176363254,"(1, 1, 1, 0, 0, 1, 0, 0, 0, 1)",0
1110010010,0.43503030627007666,"(1, 1, 1, 0, 0, 1, 0, 0, 1, 0)",0
1110010011,0.6209559964124152,"(1, 1, 1, 0, 0, 1, 0, 0, 1, 1)",0
1110010100,0.5138851466489045,"(1, 1, 1, 0, 0, 1, 0, 1, 0, 0)",0
1110010101,0.5680396649932301,"(1, 1, 1, 0, 0, 1, 0, 1, 0, 1)",0
1110010110,0.527629192825811,"(1, 1, 1, 0, 0, 1, 0, 1, 1, 0)",0
1110010111,0.775643343217179,"(1, 1, 1, 0, 0, 1, 0, 1, 1, 1)",0
1110011000,0.5248142111280476,"(1, 1, 1, 0, 0, 1, 1, 0, 0, 0)",0
1110011001,0.6462176057194547,"(1, 1, 1, 0, 0, 1, 1, 0, 0, 1)",0
1110011010,0.5557450966472399,"(1, 1, 1, 0, 0, 1, 1, 0, 1, 0)",0
1110011011,0.6733613143252123,"(1, 1, 1, 0, 0, 1, 1, 0, 1, 1)",0
1110011100,0.5800399945549427,"(1, 1, 1, 0, 0, 1, 1, 1, 0, 0)",0
1110011101,0.7132294930023154,"(1, 1, 1, 0, 0, 1, 1, 1, 0, 1)",0
1110011110,0.657115397391765,"(1, 1, 1, 0, 0, 1, 1, 1, 1, 0)",0
1110011111,0.81921427398793,"(1, 1, 1, 0, 0, 1, 1, 1, 1, 1)",0
1110100000,0.3834608232583802,"(1, 1, 1, 0, 1, 0, 0, 0, 0, 0)",0
1110100001,0.576423078379872,"(1, 1, 1, 0, 1, 0, 0, 0, 0, 1)",0
1110100010,0.5943453562431004,"(1, 1, 1, 0, 1, 0, 0, 0, 1, 0)",0
1110100011,0.5606353306192099,"(1, 1, 1, 0, 1, 0, 0, 0, 1, 1)",0
1110100100,0.5293262596311467,"(1, 1, 1, 0, 1, 0, 0, 1, 0, 0)",0
1110100101,0.6607937839021716,"(1, 1, 1, 0, 1, 0, 0, 1, 0, 1)",0
1110100110,0.6199080330738231,"(1, 1, 1, 0, 1, 0, 0, 1, 1, 0)",0
1110100111,0.6959492265578588,"(1, 1, 1, 0, 1, 0, 0, 1, 1, 1)",0
1110101000,0.5049411077722684,"(1, 1, 1, 0, 1, 0, 1, 0, 0, 0)",0
1110101001,0.5045421106254147,"(1, 1, 1, 0, 1, 0, 1, 0, 0, 1)",0
1110101010,0.5782388005118768,"(1, 1, 1, 0, 1, 0, 1, 0, 1, 0)",0
1110101011,0.7293626773322054,"(1, 1, 1, 0, 1, 0, 1, 0, 1, 1)",0
1110101100,0.6501427966207556,"(1, 1, 1, 0, 1, 0, 1, 1, 0, 0)",0
1110101101,0.7988333342288041,"(1, 1, 1, 0, 1, 0, 1, 1, 0, 1)",1
1110101110,0.6163723934010864,"(1, 1, 1, 0, 1, 0, 1, 1, 1, 0)",0
1110101111,0.7187892668323408,"(1, 1, 1, 0, 1, 0, 1, 1, 1, 1)",0
1110110000,0.47639666518890195,"(1, 1, 1, 0, 1, 1, 0, 0, 0, 0)",0
1110110001,0.567761021196328,"(1, 1, 1, 0, 1, 1, 0, 0, 0, 1)",0
1110110010,0.6846124365643537,"(1, 1, 1, 0, 1, 1, 0, 0, 1, 0)",0
1110110011,0.6964975589054779,"(1, 1, 1, 0, 1, 1, 0, 0, 1, 1)",0
1110110100,0.6021340417283169,"(1, 1, 1, 0, 1, 1, 0, 1, 0, 0)",0
1110110101,0.7258676015548299,"(1, 1, 1, 0, 1, 1, 0, 1, 0, 1)",0
1110110110,0.756554031384205,"(1, 1, 1, 0, 1, 1, 0, 1, 1, 0)",0
1110110111,0.8759586022725508,"(1, 1, 1, 0, 1, 1, 0, 1, 1, 1)",0
1110111000,0.5122921927519019,"(1, 1, 1, 0, 1, 1, 1, 0, 0, 0)",0
1110111001,0.6843802346342489,"(1, 1, 1, 0, 1, 1, 1, 0, 0, 1)",0
1110111010,0.7284380457578381,"(1, 1, 1, 0, 1, 1, 1, 0, 1, 0)",0
1110111011,0.7709836550991471,"(1, 1, 1, 0, 1, 1, 1, 0, 1, 1)",0
1110111100,0.6379747264392154,"(1, 1, 1, 0, 1, 1, 1, 1, 0, 0)",0
1110111101,0.7235203994404583,"(1, 1, 1, 0, 1, 1, 1, 1, 0, 1)",0
1110111110,0.7899711040035406,"(1, 1, 1, 0, 1, 1, 1, 1, 1, 0)",0
1110111111,0.899117570908559,"(1, 1, 1, 0, 1, 1, 1, 1, 1, 1)",0
1111000000,0.38024735212648636,"(1, 1, 1, 1, 0, 0, 0, 0, 0, 0)",0
1111000001,0.5433724615588945,"(1, 1, 1, 1, 0, 0, 0, 0, 0, 1)",0
1111000010,0.4749349715030122,"(1, 1, 1, 1, 0, 0, 0, 0, 1, 0)",0
1111000011,0.6539110263782886,"(1, 1, 1, 1, 0, 0, 0, 0, 1, 1)",0
1111000100,0.4386555834367085,"(1, 1, 1, 1, 0, 0, 0, 1, 0, 0)",0
1111000101,0.6390316505365979,"(1, 1, 1, 1, 0, 0, 0, 1, 0, 1)",0
1111000110,0.6280904481101524,"(1, 1, 1, 1, 0, 0, 0, 1, 1, 0)",0
1111000111,0.7190191540866111,"(1, 1, 1, 1, 0, 0, 0, 1, 1, 1)",0
1111001000,0.5614569359073663,"(1, 1, 1, 1, 0, 0, 1, 0, 0, 0)",0
1111001001,0.6593596404095685,"(1, 1, 1, 1, 0, 0, 1, 0, 0, 1)",0
1111001010,0.5346576781638885,"(1, 1, 1, 1, 0, 0, 1, 0, 1, 0)",0
1111001011,0.6315790468074259,"(1, 1, 1, 1, 0, 0, 1, 0, 1, 1)",0
1111001100,0.5496870634228495,"(1, 1, 1, 1, 0, 0, 1, 1, 0, 0)",0
1111001101,0.8053540321976158,"(1, 1, 1, 1, 0, 0, 1, 1, 0, 1)",0
1111001110,0.679900961530071,"(1, 1, 1, 1, 0, 0, 1, 1, 1, 0)",0
1111001111,0.8894121164853015,"(1, 1, 1, 1, 0, 0, 1, 1, 1, 1)",0
1111010000,0.590970306730622,"(1, 1, 1, 1, 0, 1, 0, 0, 0, 0)",0
1111010001,0.561663084886961,"(1, 1, 1, 1, 0, 1, 0, 0, 0, 1)",0
1111010010,0.6457868445575442,"(1, 1, 1, 1, 0, 1, 0, 0, 1, 0)",0
1111010011,0.747547089743915,"(1, 1, 1, 1, 0, 1, 0, 0, 1, 1)",0
1111010100,0.6468162362235508,"(1, 1, 1, 1, 0, 1, 0, 1, 0, 0)",0
1111010101,0.6963858399052212,"(1, 1, 1, 1, 0, 1, 0, 1, 0, 1)",0
1111010110,0.6998901635797872,"(1, 1, 1, 1, 0, 1, 0, 1, 1, 0)",0
1111010111,0.806870757020589,"(1, 1, 1, 1, 0, 1, 0, 1, 1, 1)",0
1111011000,0.5637188678546771,"(1, 1, 1, 1, 0, 1, 1, 0, 0, 0)",0
1111011001,0.6734459756095715,"(1, 1, 1, 1, 0, 1, 1, 0, 0, 1)",0
1111011010,0.6363556439984426,"(1, 1, 1, 1, 0, 1, 1, 0, 1, 0)",0
1111011011,0.7673765589737854,"(1, 1, 1, 1, 0, 1, 1, 0, 1, 1)",0
1111011100,0.7285725595548787,"(1, 1, 1, 1, 0, 1, 1, 1, 0, 0)",0
1111011101,0.8242202007489854,"(1, 1, 1, 1, 0, 1, 1, 1, 0, 1)",0
1111011110,0.8363297763723061,"(1, 1, 1, 1, 0, 1, 1, 1, 1, 0)",0
1111011111,0.9517846145531303,"(1, 1, 1, 1, 0, 1, 1, 1, 1, 1)",0
1111100000,0.4389495334279972,"(1, 1, 1, 1, 1, 0, 0, 0, 0, 0)",0
1111100001,0.6462900646740335,"(1, 1, 1, 1, 1, 0, 0, 0, 0, 1)",0
1111100010,0.583896847385831,"(1, 1, 1, 1, 1, 0, 0, 0, 1, 0)",0
1111100011,0.6883634503772725,"(1, 1, 1, 1, 1, 0, 0, 0, 1, 1)",0
1111100100,0.6495416685346607,"(1, 1, 1, 1, 1, 0, 0, 1, 0, 0)",0
1111100101,0.6556649239759431,"(1, 1, 1, 1, 1, 0, 0, 1, 0, 1)",0
1111100110,0.6425654318109975,"(1, 1, 1, 1, 1, 0, 0, 1, 1, 0)",0
1111100111,0.8013816277752929,"(1, 1, 1, 1, 1, 0, 0, 1, 1, 1)",0
1111101000,0.5024645507020463,"(1, 1, 1, 1, 1, 0, 1, 0, 0, 0)",0
1111101001,0.7002919788239,"(1, 1, 1, 1, 1, 0, 1, 0, 0, 1)",0
1111101010,0.6211021324695915,"(1, 1, 1, 1, 1, 0, 1, 0, 1, 0)",0
1111101011,0.847591975515148,"(1, 1, 1, 1, 1, 0, 1, 0, 1, 1)",0
1111101100,0.6359927830513457,"(1, 1, 1, 1, 1, 0, 1, 1, 0, 0)",0
1111101101,0.7686719516268503,"(1, 1, 1, 1, 1, 0, 1, 1, 0, 1)",0
1111101110,0.8143636161577305,"(1, 1, 1, 1, 1, 0, 1, 1, 1, 0)",0
1111101111,0.9232690081658436,"(1, 1, 1, 1, 1, 0, 1, 1, 1, 1)",0
1111110000,0.5774514269438903,"(1, 1, 1, 1, 1, 1, 0, 0, 0, 0)",0
1111110001,0.6642393789730243,"(1, 1, 1, 1, 1, 1, 0, 0, 0, 1)",0
1111110010,0.7526437046137201,"(1, 1, 1, 1, 1, 1, 0, 0, 1, 0)",0
1111110011,0.7990453621121845,"(1, 1, 1, 1, 1, 1, 0, 0, 1, 1)",0
1111110100,0.7418489052815238,"(1, 1, 1, 1, 1, 1, 0, 1, 0, 0)",0
1111110101,0.8611252049260301,"(1, 1, 1, 1, 1, 1, 0, 1, 0, 1)",0
1111110110,0.8316040411202595,"(1, 1, 1, 1, 1, 1, 0, 1, 1, 0)",0
1111110111,0.8481009178476953,"(1, 1, 1, 1, 1, 1, 0, 1, 1, 1)",0
1111111000,0.7880241217345694,"(1, 1, 1, 1, 1, 1, 1, 0, 0, 0)",0
1111111001,0.7973014187550115,"(1, 1, 1, 1, 1, 1, 1, 0, 0, 1)",0
1111111010,0.7133591535805884,"(1, 1, 1, 1, 1, 1, 1, 0, 1, 0)",0
1111111011,0.9003516170592054,"(1, 1, 1, 1, 1, 1, 1, 0, 1, 1)",0
1111111100,0.8027827204402462,"(1, 1, 1, 1, 1, 1, 1, 1, 0, 0)",0
1111111101,0.9091923390195599,"(1, 1, 1, 1, 1, 1, 1, 1, 0, 1)",0
1111111110,0.8854911557189968,"(1, 1, 1, 1, 1, 1, 1, 1, 1, 0)",0
1111111111,0.9999999999999998,"(1, 1, 1, 1, 1, 1, 1, 1, 1, 1)",1
